	232.088	225.986	231.269	227.555	231.678	231.985	230.760	226.572	230.456	232.397
	236.485	231.167	235.317	237.341	235.953	234.371	236.805	235.106	234.371	234.790
	233.639	232.706	232.088	238.421	237.664	238.855	239.400	238.204	233.535	232.088
	238.746	233.224	238.312	239.182	238.312	239.400	237.880	238.421	238.529	238.638
	239.619	233.224	238.855	240.278	239.619	238.964	239.073	238.855	237.664	238.529
	236.485	230.963	237.556	237.341	236.592	235.953	236.592	238.638	236.378	237.664
	238.638	233.327	237.019	234.161	238.312	238.746	237.880	232.500	238.746	238.964
	239.291	233.327	238.638	236.378	238.421	239.291	239.073	238.964	239.619	238.529
	233.848	233.327	233.535	239.182	239.291	238.312	239.619	238.529	234.896	230.557
	220.196	213.125	239.510	239.838	238.529	240.609	239.400	239.729	220.752	238.421
	238.638	234.266	235.953	235.953	234.896	236.378	237.664	238.855	238.421	236.698
	238.638	232.397	237.880	239.073	238.096	240.168	237.449	238.529	238.964	236.592
	239.400	233.327	239.073	232.809	239.510	238.746	239.838	234.266	239.073	238.855
	239.948	233.431	240.168	238.096	238.312	239.619	240.058	240.278	239.182	239.619
	233.431	232.500	234.266	237.988	238.855	238.204	238.638	238.312	232.294	232.706
	235.953	233.639	236.165	239.400	238.638	238.855	239.400	238.638	239.400	236.592
	237.449	233.535	239.182	238.746	238.421	239.619	239.073	238.312	238.855	238.638
	239.291	233.744	238.204	239.510	239.182	238.964	239.291	238.964	239.182	240.168
	240.058	214.872	238.529	234.161	238.964	240.058	239.619	233.431	239.291	238.746
	237.234	232.706	236.059	237.341	237.880	238.964	239.291	238.638	235.741	238.746
	236.912	230.760	235.317	237.127	239.400	239.510	238.529	238.421	233.535	234.790
	242.501	234.266	237.880	239.073	234.161	239.838	238.421	238.964	238.638	239.291
	241.718	233.639	239.510	239.182	238.964	238.638	238.638	240.058	239.182	238.746
	240.058	232.603	207.064	220.845	207.638	199.804	193.535	218.726	236.165	216.647
	241.162	233.431	236.378	232.397	237.988	236.378	237.880	234.057	238.638	238.855
	241.718	233.639	239.291	236.378	238.746	237.556	239.400	238.421	238.855	238.746
	237.880	233.639	233.744	239.400	239.729	236.485	240.058	237.341	234.057	231.678
	242.053	221.218	239.510	239.619	238.312	237.019	239.400	238.855	239.182	237.556
	240.388	233.327	236.592	239.291	236.698	236.805	238.204	237.127	237.664	236.059
	242.613	233.431	239.729	238.638	237.988	238.096	237.127	237.234	240.168	239.291
	242.501	234.266	239.838	232.913	239.182	237.772	238.855	233.952	236.592	238.096
	241.830	233.639	238.746	238.855	238.746	238.096	239.510	238.964	238.746	240.168
	203.844	233.120	187.379	192.752	190.788	190.580	189.273	193.678	190.166	187.580
	241.607	232.913	238.096	238.746	236.912	238.638	236.912	238.638	239.291	238.638
	243.176	233.744	239.619	239.510	237.988	238.964	238.964	238.312	238.529	238.529
	242.165	234.266	239.400	238.638	239.400	240.278	238.096	239.510	238.638	239.838
	241.607	192.682	237.664	234.161	238.096	238.421	238.855	233.224	238.964	238.421
	240.499	232.603	236.378	237.988	237.341	237.234	237.127	236.059	236.592	238.638
	237.019	232.603	234.580	237.234	237.880	239.182	238.638	237.234	233.431	233.848
	242.950	233.639	237.772	239.073	236.698	239.182	238.421	236.485	236.698	237.664
	242.613	233.535	237.556	238.855	236.912	238.638	238.746	238.964	238.529	239.400
	243.063	235.317	175.171	238.096	238.421	239.182	238.312	174.704	238.529	237.664
	240.278	235.212	238.964	234.161	236.698	238.964	236.378	233.744	236.912	238.312
	242.277	236.592	237.988	237.772	237.880	237.019	236.912	237.127	235.529	238.421
	238.312	235.953	232.294	236.592	238.096	238.855	238.855	237.772	232.809	235.212
	241.718	187.580	236.272	239.510	238.096	238.638	238.529	238.421	237.880	238.421
	238.204	236.592	237.019	183.253	184.934	187.045	182.044	236.485	190.650	192.752
	241.384	236.805	241.273	237.449	237.234	238.096	237.880	238.421	237.019	238.855
	241.718	237.449	243.063	233.535	239.073	236.592	235.212	233.224	238.529	238.855
	242.725	236.805	242.950	238.096	238.312	238.746	238.638	236.592	238.964	236.805
	238.529	235.741	239.619	239.182	238.638	238.529	238.746	164.302	233.952	235.212
	240.499	236.485	240.168	236.592	237.556	237.019	236.485	238.529	236.912	235.847
	242.950	236.378	238.964	237.127	237.772	238.638	235.741	238.746	237.664	236.698
	243.402	237.234	238.312	236.592	238.746	238.855	237.772	237.234	239.400	239.729
	243.968	183.638	237.772	235.317	238.855	238.204	238.964	235.106	236.485	238.855
	242.165	237.234	160.824	158.443	159.746	158.443	159.164	238.312	160.087	160.087
	235.106	237.556	232.397	236.912	237.127	238.529	238.638	235.847	231.985	232.913
	242.053	237.449	238.096	238.529	237.449	238.529	237.449	238.638	236.485	236.912
	243.063	237.127	239.729	238.312	239.291	237.664	238.312	239.729	237.664	238.312
	243.854	235.423	238.421	238.964	238.638	238.312	238.312	236.805	238.204	238.964
	241.607	234.371	240.168	231.780	237.449	235.953	235.847	231.065	236.378	235.529
	242.053	236.165	240.499	237.880	236.059	237.341	237.127	238.096	237.880	238.638
	238.964	237.664	237.880	237.988	238.096	238.204	237.341	238.096	232.913	232.603
	243.402	179.920	236.698	237.127	238.746	238.421	237.556	238.638	236.912	236.272
	243.063	236.165	154.885	147.189	237.664	237.449	234.790	152.365	149.540	148.481
	241.273	237.019	240.941	236.165	237.664	235.847	235.953	237.556	236.698	237.880
	242.613	236.485	242.053	232.809	238.421	238.312	238.746	234.371	237.449	238.638
	242.277	236.698	242.165	237.341	236.912	237.449	237.449	237.664	237.556	238.964
	237.988	234.790	235.847	238.096	237.772	238.529	237.127	238.096	232.809	234.896
	243.063	237.664	240.168	235.953	144.035	144.035	146.695	236.378	235.529	236.485
	240.941	235.423	240.719	236.485	238.855	238.312	237.341	235.847	238.312	237.019
	241.941	236.592	241.718	237.127	237.664	237.449	238.096	239.182	238.204	237.019
	243.515	179.982	242.389	232.191	238.529	237.988	238.421	233.639	238.204	238.096
	243.176	236.698	242.053	140.748	238.312	238.421	238.746	139.216	137.212	237.772
	236.592	236.378	236.378	238.529	236.378	235.953	236.059	236.059	231.065	231.269
	6.170	11.868	21.776	23.493	14.854	23.956	14.838	23.430	23.358	14.990
	180.851	227.062	77.055	64.559	33.140	31.323	33.590	73.337	68.373	73.000
	238.529	30.802	16.834	16.806	65.815	72.949	69.839	24.101	59.537	49.889
	242.501	229.046	79.654	72.716	25.392	24.393	51.715	74.156	31.723	71.908
	10.612	81.259	49.076	49.456	64.448	72.878	30.860	52.692	72.706	53.427
	178.998	228.447	30.721	65.161	16.831	26.209	72.626	68.427	49.851	31.205
	241.162	17.395	81.601	25.257	72.186	70.364	26.068	25.439	68.939	75.123
	242.389	231.780	48.415	30.902	49.657	29.482	69.933	72.385	51.265	23.727
	10.754	29.388	30.964	73.968	71.205	80.154	51.260	52.126	67.939	72.787
	171.056	229.950	72.465	15.517	57.012	24.147	70.964	30.822	50.906	52.894
	239.948	30.822	50.941	231.575	31.194	72.116	50.749	73.604	30.663	85.347
	234.896	229.850	76.683	37.414	73.947	52.365	68.930	51.511	72.515	45.111
	10.614	30.349	53.070	75.080	52.713	71.099	50.783	80.056	24.461	68.071
	185.457	230.659	82.825	25.992	68.624	24.532	30.993	46.899	72.305	26.915
	240.719	82.760	20.655	26.566	25.444	66.677	68.921	64.282	50.446	32.930
	242.501	232.603	231.678	229.850	73.183	16.747	56.151	25.490	62.676	73.989
	9.972	12.831	66.256	86.530	51.577	72.355	67.493	31.092	26.243	24.307
	205.200	229.247	231.065	16.795	30.864	25.996	25.495	72.445	76.818	70.792
	240.058	30.733	17.589	31.869	73.061	31.133	72.797	52.095	51.095	51.195
	242.165	231.167	231.575	67.868	51.781	67.207	51.940	66.407	80.154	68.579
	242.838	30.647	30.688	52.931	80.056	25.134	30.798	25.810	48.675	25.388
	10.516	229.447	232.191	73.163	46.807	72.255	31.513	31.259	69.682	30.891
	177.004	81.728	75.534	24.333	64.527	25.976	72.726	72.838	50.499	73.895
	234.057	233.744	231.269	77.203	25.540	30.995	49.479	25.987	69.377	24.483
	242.277	26.552	12.879	48.495	31.033	72.585	31.244	30.915	51.441	75.447
	242.389	232.500	232.088	81.945	72.555	52.355	72.206	71.109	71.467	47.610
	10.507	61.305	30.681	16.534	52.012	65.956	24.363	23.700	50.587	71.070
	205.361	232.603	232.191	30.481	67.354	24.944	30.492	67.285	68.714	53.872
	241.496	18.090	30.577	78.042	50.431	70.232	70.888	56.612	29.829	68.462
	235.847	230.253	228.348	47.233	31.261	54.386	49.913	31.045	72.335	53.911
	242.613	24.779	75.263	65.193	73.989	68.364	29.414	72.485	16.834	67.319
	10.438	231.269	234.685	26.459	51.335	26.673	68.027	24.583	71.624	24.418
	169.070	234.790	26.515	82.539	30.893	66.273	51.220	71.536	50.719	72.817
	239.838	214.432	231.575	47.433	72.176	54.460	67.147	50.528	31.370	52.193
	241.496	14.181	105.831	72.555	23.642	67.702	25.592	31.353	74.156	69.377
	236.165	229.749	55.304	29.806	65.380	25.583	70.945	74.377	24.651	51.325
	31.388	220.567	33.330	26.662	16.435	72.616	50.862	51.090	72.235	71.051
	17.632	77.135	74.951	231.269	31.696	25.929	68.579	72.405	24.496	51.060
	220.011	220.196	51.930	30.620	71.987	30.977	50.171	52.178	74.483	69.067
	21.182	13.455	51.160	226.474	15.382	74.261	80.252	73.968	16.838	50.315
	17.782	217.186	230.659	74.599	231.269	25.748	48.428	24.715	72.235	31.067
	218.635	24.540	17.543	234.371	29.363	67.948	68.311	31.541	48.980	74.083
	21.396	216.916	228.149	26.526	230.963	59.754	26.867	31.280	66.542	24.184
	17.833	229.850	29.235	231.269	87.776	68.346	70.974	71.157	16.397	71.477
	166.811	28.975	228.348	70.763	25.083	24.616	26.586	26.064	69.571	50.768
	7.488	228.946	78.592	217.908	72.777	31.725	71.673	71.225	26.594	31.454
	180.415	221.498	231.065	13.165	26.447	77.260	26.489	50.901	30.800	69.923
	231.065	71.399	26.266	230.557	71.360	16.661	31.048	80.424	67.363	26.663
	225.403	218.818	228.149	30.121	24.545	73.163	72.385	48.500	16.668	74.536
	224.726	231.473	69.341	231.575	75.080	49.072	16.727	68.337	70.487	24.226
	224.342	25.625	219.919	28.758	49.242	35.979	76.204	55.292	52.771	87.761
	8.651	230.456	13.322	226.181	78.193	72.235	50.966	70.706	68.311	46.698
	156.831	221.967	215.934	30.942	44.879	53.586	71.830	26.561	24.983	65.997
	219.183	216.290	28.993	231.678	31.146	68.597	11.245	12.887	8.441	6.875
	226.670	54.094	215.756	35.172	32.259	24.976	18.689	17.008	13.788	26.532
	220.196	22.210	214.082	27.107	31.462	71.331	23.653	33.524	30.206	30.448
	237.449	217.006	44.502	230.557	30.827	50.699	26.318	19.797	30.845	22.358
	8.648	231.167	22.724	72.325	73.553	72.787	19.380	30.880	20.754	31.046
	177.604	204.960	217.096	232.706	47.972	16.988	14.680	33.103	41.350	21.020
	221.405	55.403	227.456	20.322	31.502	30.831	22.374	19.814	31.551	30.015
	227.358	40.585	27.541	26.734	30.978	74.209	19.672	30.997	30.997	20.769
	238.638	228.547	221.967	231.167	67.493	24.188	20.453	23.532	20.307	27.223
	223.863	220.104	221.498	72.797	16.765	31.137	31.744	31.560	19.702	31.120
	8.601	28.316	39.973	230.760	31.606	75.123	17.948	17.949	19.541	23.533
	219.551	219.092	81.247	16.886	53.466	56.187	41.169	23.107	23.425	19.372
	220.289	232.706	18.231	229.347	221.498	75.372	30.726	19.716	30.697	33.381
	237.880	119.809	215.667	28.721	16.874	15.356	27.691	14.195	14.735	19.803
	223.481	12.837	240.609	228.946	230.557	230.760	33.822	33.277	19.781	41.432
	225.597	226.964	169.398	96.839	89.790	92.810	14.475	31.663	27.293	15.559
	21.533	231.269	12.920	56.441	26.577	26.116	95.707	21.769	30.935	24.539
	217.818	217.908	30.581	25.582	32.552	32.125	24.605	22.223	42.799	19.495
	231.473	222.911	31.682	230.557	68.089	51.930	32.389	33.370	19.343	30.296
	234.057	29.459	30.570	37.339	57.874	210.051	30.270	31.817	19.911	20.340
	224.630	87.585	22.364	82.812	26.270	14.037	68.633	41.448	31.707	19.492
	239.073	16.789	228.647	36.320	232.500	80.436	25.113	19.703	30.833	20.409
	238.964	215.756	222.438	228.547	92.028	47.945	26.372	41.649	33.168	31.488
	226.964	231.678	207.885	30.218	15.163	79.054	28.057	38.364	19.880	31.111
	49.540	219.092	55.141	232.397	219.000	48.558	28.119	13.365	30.710	19.670
	13.082	27.505	77.078	105.852	71.536	51.567	33.757	28.754	43.062	20.374
	220.289	228.050	18.820	25.283	217.727	217.637	225.597	29.570	31.916	31.939
	232.603	200.722	229.347	56.643	26.682	19.359	37.005	18.475	19.279	27.190
	224.342	209.631	222.344	228.846	229.749	73.874	15.913	18.581	32.786	14.140
	187.245	189.753	27.781	31.383	60.935	52.497	15.714	27.549	19.996	33.524
	219.735	28.251	215.048	30.402	218.909	30.978	14.989	29.275	17.931	31.669
	225.306	54.795	231.167	51.613	33.275	79.305	110.539	31.972	14.109	14.128
	226.278	233.120	30.471	241.496	73.245	23.763	22.936	74.303	23.706	16.241
	239.729	34.303	229.749	32.471	24.725	102.160	26.530	26.098	37.028	21.729
	226.768	81.121	78.497	31.276	74.020	23.823	103.532	30.631	35.045	35.475
	27.732	21.180	231.780	26.654	51.405	76.841	21.911	67.380	23.305	41.282
	216.290	227.555	27.942	230.355	30.744	38.316	27.515	12.681	30.980	19.509
	13.459	21.660	228.946	113.212	86.501	230.051	18.557	75.112	34.370	63.820
	222.061	220.011	30.592	55.357	25.232	30.330	13.368	22.187	19.704	30.827
	234.057	220.567	227.753	26.730	69.405	232.397	28.849	231.167	28.848	14.752
	221.405	238.312	30.258	216.290	25.935	95.742	14.425	40.988	19.060	32.852
	144.830	23.156	217.546	115.025	78.781	53.281	29.183	18.554	28.770	30.234
	219.367	223.386	80.043	49.344	24.399	71.565	27.458	231.371	27.298	29.312
	227.062	224.054	221.218	32.817	26.741	52.692	230.253	30.806	20.473	28.867
	226.572	224.726	15.731	52.455	231.883	45.733	33.755	230.456	21.586	20.363
	239.948	235.423	228.348	221.032	31.400	226.670	225.986	43.052	17.993	15.039
	225.306	28.671	232.913	32.943	232.088	31.241	36.408	57.563	18.866	29.474
	19.436	218.909	29.081	69.617	60.892	31.802	18.005	216.916	18.553	31.894
	217.366	144.272	213.646	20.754	233.016	31.709	29.669	16.116	28.669	19.441
	226.376	235.317	221.967	219.183	18.878	78.146	31.933	88.219	25.999	20.572
	225.209	215.048	197.397	28.962	70.478	48.957	19.414	44.799	28.841	29.289
	13.277	18.445	19.520	215.845	52.350	26.579	17.379	15.510	28.435	31.964
	219.459	28.843	228.447	29.153	105.938	227.555	23.546	18.733	15.070	20.998
	223.863	229.247	231.780	221.125	20.164	34.088	29.782	28.449	14.257	9.763
	218.726	30.453	35.078	67.061	232.088	71.761	28.778	13.424	33.358	23.124
	190.028	212.004	228.447	235.741	35.379	52.915	30.896	18.820	19.319	17.890
	223.863	123.740	24.005	17.184	70.082	75.764	13.498	18.402	71.012	20.509
	226.278	44.202	197.769	220.196	24.805	24.198	26.415	28.929	8.436	56.716
	239.291	18.062	232.294	20.214	56.630	26.526	26.930	228.249	26.976	15.950
	240.609	218.726	29.485	215.667	221.686	229.648	14.074	35.422	20.595	16.758
	235.317	235.635	225.306	30.697	16.741	89.775	106.866	27.014	31.854	31.072
	226.376	225.112	232.809	230.152	215.401	26.639	21.578	104.731	19.278	33.262
	37.686	224.342	27.787	113.384	105.321	31.079	17.164	47.507	35.090	19.211
	39.827	26.206	219.643	24.576	55.135	74.020	22.782	23.632	17.849	14.134
	221.311	232.913	231.575	30.249	33.189	45.061	22.404	160.087	16.006	21.886
	225.888	236.378	134.363	29.094	25.131	30.437	18.355	16.656	29.714	21.808
	65.145	213.559	17.953	55.392	209.547	100.592	14.876	16.032	53.351	20.900
	220.289	226.083	31.056	221.873	37.640	22.816	15.800	29.684	87.835	23.536
	235.001	237.341	58.829	33.505	30.253	30.449	24.991	31.692	22.497	14.159
	133.678	33.487	230.963	31.137	31.892	54.358	12.647	17.966	30.528	23.630
	234.475	71.810	16.854	69.368	25.816	225.112	227.456	130.096	34.551	14.470
	32.214	25.509	228.348	53.900	230.456	32.825	9.589	18.299	35.147	31.711
	57.626	96.093	25.492	75.112	67.807	79.666	16.006	107.128	18.612	77.557
	223.672	34.718	226.670	21.072	229.447	48.852	230.862	18.050	25.434	14.430
	25.953	219.551	221.218	229.950	31.834	78.053	24.779	18.561	29.136	17.841
	50.636	131.072	27.050	105.511	70.487	50.065	231.269	18.544	20.393	124.800
	15.307	51.195	217.186	48.446	25.221	30.052	38.213	227.161	33.532	16.581
	218.089	88.577	213.385	82.682	30.838	32.082	17.316	15.862	15.884	69.497
	220.474	39.530	185.785	18.303	79.946	56.350	21.117	15.851	16.293	31.608
	226.768	40.015	13.027	231.269	23.933	228.348	218.635	220.196	33.483	24.533
	239.182	219.183	30.200	203.765	26.253	14.929	29.995	12.018	14.367	33.584
	12.972	235.847	69.682	174.066	219.275	25.557	101.981	104.481	13.275	19.406
	232.294	116.044	60.443	11.171	35.305	231.371	22.736	19.133	12.989	19.310
	222.438	222.438	75.145	229.347	25.813	213.820	31.811	15.711	21.193	110.679
	187.312	23.559	48.684	223.006	230.355	19.839	47.697	20.550	20.488	13.585
	226.181	230.456	84.630	139.996	29.067	230.557	153.300	22.294	32.911	87.923
	238.964	137.500	48.608	24.700	230.862	66.047	13.665	13.647	33.974	43.293
	225.112	12.608	25.213	26.652	105.405	221.125	76.549	32.048	19.299	38.715
	227.062	198.443	220.011	217.006	21.873	18.020	25.452	24.856	133.542	38.971
	226.376	212.779	118.644	29.550	216.916	228.647	93.907	43.126	20.891	30.508
	220.752	172.519	52.597	219.367	73.594	75.972	21.692	21.952	24.146	20.056
	226.670	206.169	73.625	118.940	232.809	233.744	31.744	27.389	19.493	28.862
	228.249	30.703	52.402	26.321	27.539	17.560	77.191	34.576	30.079	16.131
	44.378	64.472	19.525	84.222	232.088	214.960	49.498	20.477	28.375	29.396
	57.292	194.180	231.065	36.717	63.342	29.537	30.103	36.487	105.959	19.673
	7.819	26.727	222.533	230.659	234.371	231.985	71.099	27.360	42.203	18.318
	217.186	49.700	154.021	105.363	20.411	20.307	27.224	20.225	17.832	32.827
	233.016	26.142	184.284	53.883	26.248	230.760	76.616	23.896	29.901	30.055
	228.050	39.269	30.904	29.579	230.557	104.815	44.288	41.689	31.916	17.667
	226.670	218.726	29.655	30.529	105.448	15.501	31.032	31.140	14.422	11.104
	226.670	20.400	54.134	26.883	57.862	229.046	86.359	20.509	30.706	33.578
	238.746	219.827	234.790	232.397	64.806	36.833	25.370	22.166	17.336	228.746
	222.344	215.845	34.022	24.938	27.633	78.733	69.765	17.509	16.238	51.200
	225.694	238.855	26.540	222.344	50.199	49.201	54.985	28.819	231.065	105.236
	237.019	18.000	217.456	234.161	235.106	77.891	75.296	15.297	194.468	18.279
	225.694	232.500	117.185	39.000	16.688	53.194	24.415	18.408	12.831	37.207
	240.830	233.120	31.085	80.276	218.726	85.738	52.193	22.498	125.547	18.590
	240.499	237.664	231.883	48.585	30.351	20.839	233.431	16.039	42.435	29.954
	47.017	238.312	220.474	30.476	218.362	230.963	26.508	28.951	20.175	33.321
	23.403	224.438	27.951	29.475	74.010	30.780	229.247	19.442	98.199	16.845
	232.191	42.711	232.809	86.587	235.001	229.950	29.892	19.117	13.987	19.639
	236.592	229.950	226.083	41.233	34.604	106.932	232.603	24.233	112.847	19.175
	226.572	235.635	196.068	34.075	76.627	52.350	30.929	226.964	41.272	103.984
	221.967	145.797	14.271	22.366	25.356	29.947	220.381	43.998	29.436	16.646
	180.043	10.865	225.888	216.647	31.549	31.519	30.851	28.846	31.715	11.817
	224.534	219.735	233.952	221.405	41.620	55.246	229.749	231.883	19.218	22.270
	238.529	223.101	28.780	155.436	220.938	232.809	99.485	36.112	28.849	19.809
	45.197	233.016	232.500	26.379	237.664	17.212	40.119	30.160	230.862	36.921
	55.427	225.500	234.790	22.550	38.887	228.348	26.508	19.048	45.146	11.765
	223.006	236.059	149.242	218.453	70.859	103.778	231.269	13.688	12.150	50.475
	35.670	227.259	27.002	232.397	53.427	56.588	22.877	230.963	225.791	12.709
	79.642	38.781	59.134	35.194	33.790	85.153	113.286	214.784	14.899	30.218
	15.384	15.805	234.896	231.985	30.858	19.568	14.187	100.361	103.881	112.051
	221.311	217.999	14.144	19.915	68.723	228.547	16.493	231.780	43.756	21.611
	221.592	221.967	232.706	228.547	21.683	101.155	16.056	231.575	31.207	17.714
	224.534	208.962	235.423	25.525	229.950	236.912	28.598	16.228	28.134	24.844
	218.909	237.664	232.088	232.088	66.031	18.065	228.149	104.669	99.560	25.699
	236.912	237.019	18.924	233.639	233.535	82.904	21.225	43.451	19.606	29.731
	238.096	239.182	232.191	44.404	19.534	45.986	11.656	74.684	23.783	19.290
	238.855	37.207	222.533	30.570	52.439	26.530	28.972	28.401	28.402	24.240
	48.693	55.450	221.405	54.083	222.722	214.345	34.296	145.071	18.986	30.110
	221.873	233.744	159.503	235.212	32.692	37.631	228.447	20.563	21.714	30.535
	215.224	31.452	13.398	14.379	85.236	77.660	20.999	32.327	13.595	17.637
	224.726	88.204	229.548	74.844	46.928	48.985	19.123	29.144	12.145	33.103
	222.155	16.694	237.556	24.632	73.409	83.859	28.459	31.113	228.348	32.337
	226.278	226.474	238.529	73.822	57.255	48.188	226.083	31.867	35.697	14.824
	226.866	222.911	26.281	53.400	74.135	31.360	21.347	29.961	32.013	223.863
	226.866	125.367	231.678	22.318	21.249	74.209	19.140	30.891	16.817	36.479
	44.772	224.630	230.152	219.459	230.051	26.497	28.737	31.821	29.366	18.497
	75.382	29.687	224.823	131.268	30.071	67.259	30.820	74.887	25.773	34.191
	47.118	75.611	38.709	238.855	231.678	21.852	29.935	28.421	20.279	17.473
	61.855	50.881	209.631	26.948	29.811	231.065	13.749	30.536	19.698	85.892
	233.224	84.781	113.433	22.669	231.678	35.322	28.184	31.705	17.888	44.072
	19.899	43.556	53.723	233.848	65.667	76.908	30.317	31.293	21.267	76.182
	22.319	53.515	13.121	212.090	234.896	46.417	28.450	16.144	16.196	13.329
	219.827	235.212	219.000	107.922	32.441	31.054	30.289	31.534	25.460	26.259
	224.919	31.994	220.659	18.695	71.302	80.996	14.177	30.077	230.659	19.187
	223.006	81.945	236.805	79.958	54.005	20.929	30.122	79.679	16.052	25.023
	223.101	37.194	162.318	49.312	32.186	230.051	20.211	22.123	32.914	30.281
	151.747	229.648	224.246	76.527	26.272	98.236	31.953	16.591	19.694	18.505
	232.294	124.297	220.474	47.758	229.950	57.211	22.980	28.750	14.411	210.051
	226.181	38.652	22.616	76.493	108.999	30.581	42.718	13.906	26.561	26.991
	240.499	208.796	66.231	22.989	51.390	71.506	228.647	21.639	22.908	15.025
	24.154	30.663	26.238	229.247	74.219	24.594	86.359	18.602	15.286	20.964
	36.774	218.726	54.795	101.981	52.990	31.906	233.016	89.392	29.617	23.867
	232.603	236.912	232.913	41.056	77.362	96.287	19.382	19.307	27.149	20.602
	8.973	214.432	32.293	233.535	25.121	18.252	27.956	29.701	23.668	30.529
	231.575	238.312	22.638	29.966	31.517	230.557	108.796	32.627	34.289	22.123
	221.311	226.572	230.557	231.575	30.683	222.911	15.064	15.851	33.073	18.008
	222.627	16.331	221.311	25.496	78.439	143.287	108.033	30.423	19.083	32.399
	225.209	218.544	143.837	208.298	44.960	27.846	28.523	15.318	228.746	22.613
	224.150	225.209	26.115	186.712	67.702	31.183	96.164	31.139	20.728	18.438
	198.970	141.013	51.496	171.056	16.766	81.159	24.556	30.510	33.149	18.619
	225.597	235.635	222.816	26.952	30.694	49.247	30.043	115.967	16.453	27.302
	225.209	29.713	29.368	67.798	86.118	80.921	18.393	18.942	27.637	29.479
	238.638	55.491	72.919	26.326	47.169	16.725	25.351	41.328	42.383	18.496
	226.572	220.752	53.493	71.820	29.307	80.572	19.909	19.451	24.274	18.663
	227.951	34.746	83.671	55.060	25.440	47.305	28.395	42.813	14.016	27.065
	223.672	13.433	48.007	70.026	232.913	31.732	32.870	31.568	29.806	13.773
	202.897	231.883	68.903	51.451	101.665	69.048	14.895	23.221	20.387	20.754
	227.161	219.827	53.833	26.556	48.108	26.666	8.243	9.818	18.964	28.875
	227.654	225.500	68.976	230.456	76.728	68.009	16.297	45.837	28.252	14.184
	240.388	225.306	51.436	30.590	51.385	25.219	20.174	31.409	229.247	29.028
	17.789	237.556	52.059	220.659	72.827	31.966	228.447	19.537	15.017	31.585
	227.358	236.805	217.366	68.480	51.010	78.840	38.088	20.369	18.759	16.290
	235.106	239.619	28.698	235.317	22.193	48.500	22.040	19.485	227.951	26.492
	235.001	20.749	50.872	28.665	230.456	30.789	19.587	23.710	33.038	28.442
	225.791	83.886	26.185	88.442	221.125	89.377	19.692	20.802	13.652	14.373
	235.953	46.270	50.161	15.026	45.076	52.974	219.643	19.196	22.035	33.500
	239.948	87.600	13.010	220.196	30.379	30.416	38.143	35.315	22.712	22.224
	221.780	46.508	216.112	117.579	78.721	74.282	13.934	231.678	15.622	23.958
	33.989	64.488	224.919	27.155	50.509	53.373	12.483	24.470	16.035	17.901
	219.735	26.360	223.672	76.449	52.079	25.313	229.548	17.512	19.839	28.728
	67.562	53.597	19.903	52.549	234.580	219.183	23.487	28.996	40.896	16.160
	226.278	220.381	218.453	62.601	32.365	30.856	230.051	108.301	13.394	27.138
	35.444	29.475	222.250	26.244	75.415	230.862	15.436	46.882	19.724	13.091
	79.691	81.702	230.963	58.586	55.870	30.524	33.419	22.598	27.399	32.180
	54.392	46.500	123.390	26.433	68.606	230.963	19.791	46.849	228.547	231.678
	41.550	89.759	235.423	52.085	53.140	74.472	119.727	32.731	22.450	234.790
	230.760	36.861	237.664	236.592	29.947	233.848	21.367	19.175	30.856	108.435
	224.054	218.453	20.465	29.582	26.152	31.291	111.172	223.101	23.500	24.722
	96.536	124.504	232.294	86.888	231.678	25.588	24.664	191.206	230.253	226.670
	24.162	31.109	71.225	47.762	114.248	218.544	71.731	42.840	28.649	17.985
	40.298	228.846	221.498	49.747	44.311	70.620	53.248	29.562	22.992	228.746
	222.061	237.556	27.206	235.001	85.584	233.224	84.658	27.269	31.680	17.408
	118.376	67.711	232.397	14.390	13.929	32.487	22.156	33.078	19.462	27.583
	14.032	220.289	116.950	216.916	224.630	80.362	96.785	19.648	31.840	16.113
	219.092	114.248	51.330	115.609	234.057	37.249	23.118	36.250	33.210	14.372
	219.367	38.658	80.190	238.855	31.615	230.760	109.249	32.220	57.652	37.675
	224.246	228.348	51.796	238.421	230.355	24.823	43.939	106.023	21.942	218.818
	223.672	59.375	73.275	11.389	103.798	230.051	20.682	14.649	20.692	149.412
	225.016	222.250	31.978	232.706	51.095	108.773	224.438	16.578	35.092	19.357
	227.062	28.826	221.311	230.963	85.766	227.654	95.672	14.988	229.850	112.774
	227.753	229.749	106.066	115.431	25.509	17.151	122.726	23.075	15.993	15.248
	222.250	127.719	22.466	238.421	72.445	56.551	15.955	19.590	15.183	40.212
	236.912	49.756	230.456	30.715	40.573	235.423	228.946	33.436	106.281	95.918
	227.161	78.333	23.986	72.636	230.557	19.322	20.148	22.332	27.333	16.751
	36.686	45.745	228.249	55.727	103.084	26.698	216.469	20.464	29.897	109.821
	20.281	61.098	234.896	74.114	55.781	226.768	30.442	15.637	15.835	19.297
	221.311	222.816	106.260	52.862	79.042	113.163	177.304	22.133	6.516	25.483
	219.735	26.696	231.473	81.221	48.419	14.201	15.592	18.459	215.578	34.792
	223.576	82.163	25.465	25.949	27.498	229.046	121.278	20.839	16.370	22.650
	223.576	30.232	30.887	72.505	78.427	236.805	43.080	29.054	230.659	16.605
	224.630	231.371	229.850	47.288	51.025	138.261	24.466	28.554	14.209	28.587
	225.791	63.442	235.635	44.288	90.519	11.237	230.557	29.696	231.883	18.260
	239.948	232.294	62.296	233.120	23.484	227.456	32.811	19.138	205.522	28.370
	41.399	35.763	216.827	124.386	85.639	120.581	29.582	28.864	21.847	19.797
	79.209	54.658	224.342	238.312	14.040	237.234	216.558	29.089	110.306	22.279
	43.361	24.599	124.180	28.161	219.459	14.247	31.409	28.983	22.636	33.149
	79.269	55.468	224.726	78.651	237.664	231.678	26.514	19.087	18.147	30.766
	37.637	22.636	27.886	21.707	136.997	223.672	89.683	32.953	23.283	14.375
	51.919	232.088	64.575	238.096	18.365	127.285	21.947	27.420	46.454	32.926
	11.802	90.441	25.079	236.059	31.109	17.997	108.999	32.019	19.395	32.928
	232.500	9.265	83.872	134.778	71.225	29.846	30.398	13.615	106.671	24.252
	223.291	228.249	35.298	16.562	45.377	30.856	32.198	18.509	43.614	22.453
	171.841	223.863	39.676	231.883	62.060	30.719	11.255	28.486	19.851	20.434
	237.556	237.880	221.873	21.987	26.543	79.437	23.850	178.876	28.637	49.298
	237.664	233.224	103.716	228.547	23.521	23.944	111.479	18.374	16.669	55.668
	234.685	225.112	53.575	209.213	230.760	80.846	41.272	13.045	27.526	15.701
	226.278	222.722	57.336	163.075	232.809	24.162	31.411	45.255	27.438	33.833
	239.510	239.182	25.795	176.885	102.600	84.385	19.779	29.191	30.492	30.741
	10.672	226.376	89.346	11.325	27.015	25.764	19.097	33.599	28.887	31.203
	222.155	191.555	50.852	213.211	72.265	97.144	27.929	33.956	26.302	34.007
	226.572	239.400	33.502	222.438	26.074	22.860	20.532	13.476	91.466	231.065
	220.474	32.147	228.348	155.390	33.275	22.711	40.476	19.520	18.966	22.102
	224.823	76.415	236.378	190.788	76.016	216.290	14.203	18.651	26.787	15.702
	224.054	37.491	129.103	31.750	52.318	97.162	31.155	17.233	30.034	33.479
	227.259	209.883	215.401	67.061	77.237	156.831	27.773	22.387	39.021	14.152
	225.500	125.909	18.950	26.218	22.888	29.729	199.121	16.541	35.629	23.498
	226.278	52.287	230.760	76.796	28.892	86.118	38.957	23.473	14.214	28.358
	191.906	79.269	220.474	26.596	231.575	48.721	29.564	22.600	31.371	25.632
	9.568	21.937	235.317	76.348	103.450	78.042	67.001	16.103	27.725	227.456
	232.191	230.557	112.968	52.702	50.655	46.966	16.716	31.048	27.104	234.580
	237.556	234.790	23.179	69.139	82.578	76.016	31.753	9.972	56.845	18.088
	221.125	224.150	222.533	55.147	23.783	51.165	19.034	227.259	28.717	208.298
	227.555	227.753	101.233	69.249	69.737	77.729	129.421	34.636	16.852	38.386
	221.686	236.272	22.893	53.504	53.227	17.135	22.106	17.974	38.635	16.959
	226.474	232.809	230.456	71.244	44.098	102.180	25.810	28.916	18.967	78.935
	226.181	14.188	128.470	53.553	234.057	24.346	98.254	22.550	28.580	40.876
	227.161	231.780	50.147	71.624	14.517	25.801	22.420	40.218	30.499	21.129
	238.421	222.533	42.545	53.335	231.575	220.289	79.715	30.782	15.832	22.559
	239.073	238.638	199.121	76.583	107.128	99.278	25.116	10.803	19.437	32.574
	234.057	232.294	105.363	52.439	235.212	50.636	67.948	21.705	32.637	14.404
	239.619	231.269	26.698	19.410	224.246	80.946	56.314	19.850	12.774	27.141
	240.168	237.449	75.961	230.355	33.132	35.353	30.326	18.550	26.892	25.998
	239.291	238.096	33.814	236.059	26.397	217.637	69.608	227.358	14.103	33.755
	240.941	40.541	229.648	133.135	231.269	26.980	55.095	31.424	26.754	11.398
	239.510	230.862	94.194	194.037	32.196	229.347	31.043	230.456	29.426	18.242
	223.006	215.224	25.743	32.518	232.191	235.001	15.742	28.364	36.637	19.530
	206.493	219.275	77.775	75.961	67.233	45.201	152.099	13.898	18.369	31.702
	24.840	227.062	23.538	48.644	234.161	22.542	17.821	229.247	17.759	18.845
	209.715	225.500	209.213	82.878	33.216	233.120	19.258	26.211	32.976	30.602
	117.290	224.919	236.912	47.910	21.058	239.838	32.345	227.358	16.044	32.188
	39.328	225.597	195.702	18.098	221.218	102.700	18.810	23.251	24.521	29.043
	11.996	225.791	233.848	202.349	225.403	233.224	30.307	28.616	36.906	13.365
	233.120	13.648	10.266	234.161	237.127	19.545	71.215	32.945	27.062	8.252
	236.059	220.011	232.603	237.341	68.498	77.718	50.378	107.063	26.548	33.113
	225.888	236.165	237.556	221.686	20.263	48.921	70.611	13.040	228.447	39.760
	225.986	204.560	234.896	104.962	229.046	87.105	24.991	21.399	187.849	18.006
	221.592	236.912	222.344	223.672	234.896	45.805	30.133	28.709	16.688	232.809
	220.196	28.319	220.938	235.953	237.449	52.147	19.505	29.075	34.492	34.878
	227.259	75.199	161.468	27.295	49.118	220.104	86.373	17.865	12.853	21.472
	227.161	49.851	239.291	71.292	78.404	33.402	19.436	33.580	24.274	15.016
	209.883	54.195	237.449	54.302	46.928	52.199	16.570	15.332	33.358	27.278
	226.670	232.706	25.902	52.090	15.138	235.317	14.866	30.005	21.985	26.137
	226.670	26.518	78.263	230.963	216.827	20.218	11.177	19.427	23.775	15.172
	234.896	232.603	38.445	20.440	104.232	75.950	22.578	26.589	96.287	226.278
	12.397	78.603	82.344	84.277	235.529	48.259	106.540	19.442	21.152	25.783
	220.474	222.061	30.838	50.680	236.592	65.948	44.941	28.868	29.226	13.018
	202.115	17.813	219.459	64.838	30.272	26.165	31.462	20.152	26.718	38.727
	223.576	217.818	20.518	23.420	50.060	26.561	41.315	30.492	8.560	15.376
	226.278	69.021	230.557	217.546	232.397	231.269	11.561	30.791	14.066	30.721
	221.032	220.845	199.576	98.587	30.687	92.385	231.575	212.176	229.046	20.965
	225.209	33.772	237.449	39.304	69.039	155.945	15.271	232.603	19.154	12.921
	160.381	54.335	43.789	229.447	51.684	17.088	228.447	47.819	62.676	33.362
	226.964	222.061	230.963	111.077	69.276	219.000	20.050	12.362	107.041	31.107
	225.112	17.756	224.342	53.275	42.346	96.589	228.447	227.555	25.150	23.459
	226.376	221.125	235.317	67.554	218.909	25.376	22.945	38.146	14.930	228.946
	222.816	98.680	52.671	48.095	101.961	74.759	16.566	29.902	30.067	231.473
	12.096	24.701	231.985	72.485	54.807	29.505	25.515	30.421	23.143	13.772
	221.967	64.290	236.592	30.712	79.473	31.008	118.509	27.579	230.760	28.990
	222.533	216.469	159.309	218.635	51.889	32.776	12.504	29.485	27.844	30.455
	226.278	23.987	27.560	231.780	65.446	22.245	26.539	19.468	21.528	28.528
	225.791	221.686	77.591	100.093	26.551	220.011	46.233	231.883	27.275	14.899
	232.294	95.290	24.943	233.224	68.009	235.847	45.495	33.159	27.595	28.991
	234.161	21.874	230.862	24.408	23.968	137.428	16.102	95.100	20.749	20.023
	223.386	221.125	208.464	231.883	78.757	28.033	228.547	45.873	34.547	30.599
	239.729	63.152	224.150	235.317	49.842	74.994	21.426	31.168	14.330	18.841
	235.635	221.218	43.991	113.359	74.104	51.853	228.447	30.744	22.900	19.143
	212.348	28.452	218.909	29.317	23.264	65.397	28.907	31.703	23.758	28.970
	3.228	217.908	210.219	53.905	219.827	27.162	31.877	30.395	117.500	35.123
	225.016	111.077	138.115	223.196	99.203	32.000	16.853	30.293	18.673	32.633
	224.534	22.412	217.999	30.133	27.008	102.580	27.825	72.515	18.315	211.662
	224.919	219.000	24.033	81.753	69.746	22.331	18.137	15.326	15.750	21.128
	135.300	81.373	220.196	51.659	56.588	22.327	96.447	23.057	36.538	20.724
	222.155	233.016	100.131	84.904	55.662	230.760	44.949	33.094	26.455	14.010
	217.908	12.433	38.403	42.781	234.371	97.144	84.412	13.486	30.969	28.780
	217.908	228.547	229.146	73.102	32.062	231.575	20.583	16.935	16.110	30.200
	226.376	235.423	51.310	31.276	98.310	27.456	21.381	30.012	33.567	17.956
	206.656	225.888	233.016	232.294	41.590	30.882	228.249	14.812	114.199	28.356
	15.507	173.835	235.741	219.735	69.933	27.064	119.782	30.317	21.907	27.406
	219.919	223.291	75.928	103.778	53.806	232.809	23.351	31.043	85.836	28.737
	232.088	239.073	230.152	231.473	64.211	103.084	79.812	33.182	43.545	16.643
	36.584	221.311	34.572	23.834	26.377	55.900	15.805	28.776	70.412	13.944
	219.827	240.058	51.796	230.760	80.796	69.654	28.295	30.421	12.937	19.133
	223.006	225.986	234.896	236.912	47.511	54.584	74.135	46.196	17.063	30.762
	222.155	239.400	31.530	126.425	80.387	69.989	50.558	137.140	15.342	28.495
	225.112	35.338	71.810	26.441	25.175	24.341	70.157	22.149	26.679	19.131
	22.827	92.958	54.078	72.777	27.849	26.511	24.559	14.315	30.676	21.621
	221.125	49.737	77.534	52.121	230.760	228.746	20.193	23.009	22.027	30.798
	235.847	71.321	51.884	73.853	120.498	32.761	109.454	31.937	30.178	30.620
	223.101	53.487	67.895	31.413	41.091	230.456	31.966	32.582	30.986	13.658
	226.866	49.875	25.229	227.555	217.456	104.149	34.647	22.452	18.505	30.143
	225.597	25.648	74.674	236.698	63.953	24.884	230.557	20.202	21.328	31.325
	234.685	41.616	46.578	97.723	234.580	78.450	19.800	18.600	23.785	227.062
	226.376	228.946	88.592	235.212	18.005	15.327	32.909	14.311	232.088	31.992
	226.083	44.472	45.193	30.126	230.659	231.780	17.106	32.566	43.440	26.581
	224.438	233.535	73.306	95.847	115.000	42.767	93.907	231.575	42.335	14.033
	21.043	222.816	40.292	47.614	38.152	79.788	17.891	228.647	23.168	28.929
	220.381	70.242	210.642	83.405	231.780	50.185	110.913	24.043	18.758	14.777
	221.498	230.862	25.429	52.591	25.691	19.697	16.418	23.139	28.375	30.312
	224.054	219.827	220.567	70.091	224.438	227.951	19.186	22.589	56.490	28.535
	53.944	206.088	120.415	53.745	246.144	235.001	28.632	20.024	20.923	13.655
	85.962	46.878	236.485	76.149	130.419	141.317	30.183	33.535	230.355	29.873
	43.408	61.406	223.767	51.653	25.566	167.183	87.894	19.581	32.924	16.641
	42.907	222.816	226.083	74.219	26.629	26.566	47.143	33.921	109.272	11.036
	216.558	26.704	221.686	30.786	228.149	230.456	30.957	20.052	44.374	18.606
	224.438	227.358	25.068	229.447	106.671	95.830	34.258	9.428	33.248	20.198
	71.234	49.349	26.501	237.019	26.052	26.265	18.348	13.490	30.705	32.854
	220.196	232.500	220.659	158.299	78.509	74.536	48.830	33.976	33.470	230.963
	225.597	210.135	115.787	26.272	49.676	26.826	133.610	21.783	13.994	31.035
	223.196	116.404	237.019	73.989	70.859	68.958	16.313	27.439	24.427	33.193
	19.060	19.772	220.845	47.541	26.377	55.627	25.166	21.166	118.644	27.915
	219.000	215.934	238.638	76.751	62.045	78.947	20.897	10.863	26.142	26.518
	236.485	223.576	30.240	35.388	27.146	49.145	13.648	27.521	14.237	27.581
	234.580	130.225	219.919	199.728	82.163	77.248	101.057	28.020	36.403	29.110
	226.768	222.344	50.734	97.723	45.287	36.083	44.707	24.055	31.560	23.575
	223.958	30.929	218.180	26.147	41.603	231.678	29.856	229.247	31.669	20.845
	233.744	9.960	229.548	80.276	230.557	102.540	18.735	50.132	97.669	16.705
	35.187	214.784	176.885	49.512	131.268	24.779	27.200	231.883	23.030	15.605
	17.993	140.484	47.541	78.651	236.805	74.866	31.336	20.017	31.800	210.557
	219.459	224.150	59.768	53.275	23.567	36.833	31.819	22.287	50.417	15.288
	188.660	237.127	232.603	72.656	80.092	232.603	25.999	20.415	21.493	15.829
	237.556	238.204	31.255	50.070	38.841	102.983	31.543	231.065	108.615	19.680
	219.367	238.529	74.941	79.861	73.749	54.939	31.347	222.533	32.676	20.172
	223.196	233.016	37.052	52.958	39.047	50.921	28.387	12.018	13.723	24.370
	225.306	239.838	230.253	83.765	49.884	221.780	222.061	16.083	32.604	19.064
	222.438	239.073	49.672	47.827	26.995	32.327	18.004	230.051	11.428	20.919
	42.097	239.073	230.456	83.365	102.781	80.424	93.289	25.885	21.258	19.063
	207.474	237.880	231.883	48.540	34.806	45.986	16.026	33.319	26.460	28.198
	221.967	227.654	88.772	73.051	49.053	75.906	12.552	19.800	33.698	30.391
	225.986	25.376	235.635	41.726	26.647	50.354	31.530	44.548	21.681	229.749
	238.964	76.920	33.703	37.846	69.998	82.112	26.356	31.746	30.188	198.518
	232.294	47.610	56.802	231.575	53.927	48.214	18.306	33.264	98.624	30.128
	223.291	53.861	222.061	230.051	85.361	74.198	31.786	32.429	34.700	21.906
	226.278	222.816	32.143	133.951	24.649	54.016	14.028	32.003	18.754	19.268
	54.358	20.683	98.254	29.169	80.883	67.147	30.244	39.664	22.593	42.680
	228.746	207.721	27.513	51.010	49.419	24.874	29.666	27.046	46.483	41.623
	235.529	236.485	218.271	25.730	72.206	83.631	21.172	22.673	17.992	25.368
	216.290	155.898	224.438	48.339	52.298	44.487	31.228	20.022	33.483	29.773
	238.964	196.878	95.953	228.846	63.007	76.706	229.447	20.391	29.023	18.001
	225.694	31.019	235.847	236.059	19.757	49.615	20.536	14.009	19.785	28.721
	223.006	75.274	27.408	28.753	227.456	66.306	99.071	32.718	17.355	18.722
	240.830	47.797	217.818	221.125	107.502	25.068	45.255	31.734	231.678	94.364
	47.080	62.992	99.409	36.145	49.132	59.228	69.654	14.646	32.864	29.149
	45.166	26.786	59.194	231.065	76.204	26.032	56.139	230.456	122.841	15.566
	213.211	27.788	57.468	233.016	42.928	77.752	73.584	37.575	13.272	28.816
	67.895	229.347	223.101	211.662	47.836	26.293	46.413	34.668	229.046	147.065
	217.999	223.006	28.580	50.032	28.962	92.794	68.071	28.772	41.224	25.677
	25.315	220.752	57.842	230.557	65.283	40.413	57.506	18.686	19.077	19.084
	207.392	178.026	223.006	224.726	24.554	96.607	24.299	18.056	39.473	31.502
	69.663	223.958	30.697	234.580	110.237	47.784	20.645	14.433	15.049	16.651
	223.386	237.988	78.158	149.454	22.293	68.169	103.491	18.520	41.896	31.250
	29.565	10.651	21.853	234.896	219.092	24.198	26.704	13.489	31.769	15.161
	228.846	218.635	226.474	236.912	118.189	76.605	86.716	28.897	19.673	34.095
	114.874	216.737	31.663	32.590	33.069	43.913	36.856	15.708	32.375	31.203
	45.053	225.016	231.473	229.950	218.089	26.352	232.706	18.538	231.473	21.469
	32.115	193.750	222.722	32.723	235.635	219.735	97.216	32.029	37.824	37.262
	219.000	224.919	238.746	228.447	158.730	110.702	19.455	225.209	35.658	41.537
	223.101	224.726	146.408	231.575	25.532	19.781	109.203	87.425	75.199	16.109
	147.811	226.866	231.371	237.127	56.833	230.152	41.765	17.258	12.506	33.195
	223.958	221.498	225.597	140.258	232.809	63.992	69.222	230.051	20.820	22.463
	30.216	226.181	22.808	233.848	20.199	232.500	23.360	33.428	17.552	23.326
	13.420	31.538	83.631	237.234	82.215	33.109	23.035	28.461	31.255	27.608
	220.752	53.281	47.511	22.457	31.248	61.724	35.324	109.113	24.245	32.878
	224.534	233.639	72.076	33.355	230.456	26.868	102.963	19.880	31.596	24.688
	207.146	28.554	52.835	233.224	215.667	89.499	19.188	22.061	16.402	97.198
	223.386	78.745	53.433	235.635	178.754	35.598	101.547	28.721	18.028	41.468
	224.630	35.797	234.475	127.439	44.593	230.659	44.356	27.787	33.216	30.593
	225.986	37.781	29.706	199.500	60.283	112.556	30.319	28.665	19.684	34.171
	224.630	219.367	93.975	31.892	19.833	48.170	120.111	29.257	29.439	14.357
	234.371	65.568	37.286	69.497	75.231	96.732	43.705	19.276	17.992	27.465
	219.551	222.438	28.042	26.750	49.012	44.006	38.624	28.119	32.377	31.215
	225.500	28.723	204.082	51.360	64.758	72.067	62.060	17.718	18.412	17.931
	93.907	217.637	222.911	233.327	26.213	19.849	15.088	28.951	21.598	22.525
	222.627	125.758	237.556	20.580	76.426	232.294	21.672	28.706	31.545	32.945
	225.888	51.065	224.823	85.612	52.178	236.592	20.417	68.231	33.916	14.966
	228.249	72.235	54.818	34.824	25.876	132.329	32.686	29.738	16.853	8.827
	234.580	46.678	205.361	215.490	228.348	27.650	31.598	35.873	41.324	14.817
	215.490	37.347	235.741	48.016	113.506	86.075	231.269	24.629	20.890	13.771
	239.510	228.447	237.988	219.459	53.828	47.135	90.192	18.813	28.822	14.281
	227.852	122.154	239.073	224.054	81.272	54.201	15.591	19.072	22.348	29.098
	13.737	37.130	47.897	98.550	49.465	233.744	32.757	25.797	101.547	41.531
	220.196	202.662	78.135	233.639	64.133	20.455	21.106	18.837	15.255	14.798
	231.883	48.330	24.208	29.083	26.164	231.780	69.423	23.286	44.499	18.295
	196.289	216.201	219.275	98.199	27.386	210.135	57.487	231.269	27.397	35.863
	238.096	236.805	233.848	24.834	231.269	187.446	72.716	202.662	19.890	30.629
	225.500	110.469	235.953	72.455	116.534	238.312	55.474	43.286	16.573	31.392
	238.421	233.952	175.054	55.574	29.218	28.753	22.378	11.355	31.625	30.319
	225.888	28.632	222.816	69.094	58.573	60.374	103.084	15.667	131.631	23.736
	235.529	27.471	14.823	53.087	26.848	22.929	51.380	27.791	13.104	14.375
	238.204	216.827	217.637	75.166	64.282	208.464	75.983	26.364	24.922	22.904
	25.819	210.896	223.767	24.352	26.428	89.255	52.334	16.068	29.545	14.344
	221.592	224.246	224.438	219.919	81.398	26.921	73.419	29.758	33.584	32.639
	66.822	225.209	118.429	49.922	49.856	68.606	17.510	39.390	31.484	31.867
	232.500	53.362	235.001	218.544	84.863	27.690	100.457	24.360	22.641	19.049
	28.310	221.967	220.752	110.376	16.120	77.397	26.856	34.989	31.703	19.690
	233.535	233.327	238.529	236.698	229.648	54.375	94.910	21.695	117.870	32.874
	90.456	238.312	239.291	27.144	236.698	73.822	23.050	21.817	18.285	31.298
	21.966	239.182	28.102	92.434	153.885	49.284	80.129	30.913	14.179	232.191
	222.155	18.106	69.979	47.114	161.121	64.070	26.871	34.035	9.619	11.881
	28.792	83.953	48.948	49.737	31.800	24.090	97.869	37.811	26.251	16.000
	217.366	38.205	81.221	222.722	68.642	82.331	43.190	50.966	27.699	31.759
	69.478	228.746	48.567	32.841	46.270	52.079	48.775	25.892	16.890	13.672
	222.250	179.796	27.194	53.243	73.822	52.958	233.744	16.646	17.614	15.987
	10.250	28.378	230.557	232.500	40.655	232.397	30.796	28.743	18.265	22.762
	220.752	228.348	226.866	20.494	79.329	31.228	23.168	31.576	227.358	21.511
	221.405	142.160	235.529	72.626	30.611	55.918	116.172	21.652	215.224	19.811
	220.196	238.312	220.196	49.804	229.447	232.913	18.741	22.966	28.910	32.905
	238.421	25.944	101.390	92.483	47.127	22.145	82.970	19.891	44.937	23.395
	223.006	92.827	225.597	43.523	233.327	62.392	29.389	35.496	18.826	30.876
	222.061	49.975	226.866	84.033	236.805	26.760	29.933	231.065	20.949	14.351
	225.888	79.185	14.712	42.490	39.676	73.326	33.406	108.909	20.938	229.347
	224.823	49.975	218.180	73.357	216.737	47.361	104.419	22.026	105.257	31.054
	221.125	72.435	219.367	51.030	115.660	85.612	27.396	30.115	17.376	15.541
	173.777	44.057	155.482	69.979	22.363	47.849	23.803	31.011	28.035	14.676
	223.672	65.618	27.016	53.351	230.963	71.292	31.894	28.845	26.696	18.922
	43.690	205.926	74.031	75.145	76.942	49.099	41.318	227.753	13.211	20.943
	219.000	29.316	46.462	43.509	232.913	81.021	23.330	20.852	27.701	101.292
	223.767	43.552	27.626	82.773	23.488	53.124	24.310	231.575	229.146	13.733
	220.752	217.096	215.756	52.958	231.473	49.182	96.500	180.788	25.676	45.115
	197.100	225.016	116.172	83.939	113.261	217.818	11.817	42.977	30.374	32.712
	223.196	211.747	224.630	26.090	236.912	32.431	20.269	29.436	22.794	30.665
	224.630	46.434	236.592	75.764	18.354	79.885	8.385	105.152	231.985	70.735
	226.083	41.053	227.062	37.945	54.465	29.682	47.093	29.312	20.361	23.514
	226.474	211.919	24.956	215.490	233.224	209.799	13.221	100.399	20.806	13.077
	228.149	217.276	216.201	103.963	32.951	223.481	17.469	43.983	22.231	18.739
	237.019	160.136	224.630	22.736	17.648	119.919	28.390	87.512	31.906	36.955
	60.921	26.192	170.333	219.092	229.447	28.593	42.077	19.937	19.596	28.627
	230.557	49.141	24.860	130.064	237.449	69.858	228.249	102.500	18.547	31.140
	224.246	25.934	67.225	51.577	236.592	54.778	236.912	42.631	35.610	22.562
	238.855	86.416	25.272	59.904	138.957	33.816	35.420	36.320	29.075	28.926
	220.659	46.570	80.424	28.743	224.438	60.956	230.963	30.267	30.771	19.490
	234.161	79.630	51.085	27.425	225.694	26.635	236.592	32.399	32.107	28.824
	237.234	49.620	73.522	231.780	19.656	71.109	115.253	19.232	16.373	31.794
	225.694	81.108	42.428	237.019	229.247	50.392	29.741	16.406	101.213	33.338
	239.838	37.361	231.065	232.603	123.014	42.514	24.805	124.682	24.604	30.643
	145.031	231.985	120.359	220.659	38.361	233.744	24.056	27.459	22.295	51.889
	230.355	118.644	26.201	114.298	232.603	235.741	35.298	97.887	137.536	23.407
	226.670	17.332	79.751	233.639	76.773	27.337	94.825	25.793	20.639	22.581
	239.291	231.269	50.455	226.572	235.529	220.011	44.476	59.315	12.850	216.737
	226.083	206.007	32.345	24.943	29.106	66.822	77.534	19.408	44.158	38.423
	226.572	223.767	220.381	28.390	81.021	233.327	54.128	29.841	34.755	27.691
	27.352	238.638	222.533	229.247	48.585	17.493	76.005	114.573	26.249	19.714
	215.578	28.718	233.535	236.378	84.277	229.146	18.231	16.677	18.752	53.373
	77.351	92.401	151.659	238.312	48.775	84.020	30.771	19.612	12.306	30.944
	222.344	35.829	226.278	238.204	72.646	206.088	33.273	227.555	30.270	35.319
	27.144	50.886	18.289	118.670	49.917	29.281	20.771	30.261	30.258	18.493
	219.919	26.122	215.845	231.883	73.481	55.345	94.381	114.950	21.689	15.825
	55.456	49.860	65.915	237.341	52.846	234.790	42.507	12.033	23.233	31.830
	216.379	25.682	230.253	42.428	50.013	32.021	37.039	30.706	23.159	12.094
	68.266	50.753	23.614	231.065	220.381	62.185	80.498	27.271	17.201	33.727
	233.744	15.438	233.016	38.798	20.548	28.214	46.079	41.344	55.656	7.188
	14.779	220.381	234.896	232.809	72.315	70.563	79.485	31.746	40.052	20.259
	221.592	233.744	79.618	230.355	26.032	55.205	45.341	19.748	29.669	12.075
	224.246	225.791	221.967	143.640	218.726	35.156	65.840	32.546	229.749	14.210
	218.818	221.780	18.157	169.562	205.040	218.635	26.476	31.418	29.362	19.571
	220.845	139.031	213.211	33.226	190.511	105.511	22.562	19.800	31.595	29.398
	222.344	233.639	69.700	74.748	237.127	235.106	21.183	23.111	30.091	122.669
	224.150	237.234	237.449	48.104	29.736	235.423	127.906	229.749	20.927	40.227
	83.725	61.464	33.305	50.252	67.415	31.231	234.580	21.720	22.971	74.398
	222.438	80.080	61.717	233.848	56.217	95.516	226.670	36.792	30.365	28.358
	221.592	41.159	22.394	29.770	68.705	40.141	27.261	41.027	21.800	44.749
	239.619	47.954	230.253	91.514	51.817	70.620	74.451	207.310	28.931	24.079
	10.585	19.370	47.880	44.910	81.046	54.011	29.782	37.534	28.510	27.241
	223.006	229.749	231.167	72.405	26.074	78.240	66.156	27.588	14.122	36.981
	210.304	149.925	235.001	52.979	78.864	22.521	10.460	31.717	31.972	23.455
	226.083	237.449	188.728	75.059	49.381	231.371	230.456	32.355	21.252	30.679
	222.627	26.581	52.729	49.090	14.692	110.655	35.729	22.851	24.477	24.039
	225.597	54.234	53.839	56.085	230.557	48.077	42.583	32.505	23.127	14.608
	226.278	234.685	236.165	27.826	110.237	70.792	230.051	22.584	229.648	118.003
	226.964	34.420	20.007	70.393	238.638	53.822	162.519	32.357	214.960	19.294
	238.746	81.373	229.548	54.443	236.698	59.966	40.636	22.821	183.702	18.585
	225.016	50.123	235.106	67.948	224.919	26.464	91.996	32.377	193.821	16.618
	222.911	79.934	180.291	22.743	239.073	82.799	27.395	8.565	20.686	32.283
	227.062	49.072	237.664	203.923	224.726	50.896	78.368	229.247	12.404	108.301
	226.181	80.129	29.421	47.705	28.487	20.625	47.597	17.478	31.336	22.956
	17.972	49.252	76.538	230.355	71.958	217.006	80.634	13.627	11.739	34.695
	227.161	25.263	33.338	117.764	48.486	236.592	36.584	227.852	24.025	230.152
	223.386	231.575	219.551	225.597	83.645	139.661	232.397	40.759	32.255	20.960
	234.266	236.059	57.715	18.347	49.733	184.868	24.735	26.570	26.698	206.901
	18.055	233.431	221.780	79.341	50.753	29.031	88.056	31.838	15.746	27.734
	233.327	236.912	23.136	53.972	232.603	75.709	22.943	228.249	218.635	34.540
	223.291	19.576	219.551	87.047	10.453	55.008	16.658	47.233	38.381	26.435
	235.847	230.963	236.912	49.540	230.760	68.320	23.762	23.967	17.161	26.220
	227.259	234.161	183.896	60.576	235.317	55.491	35.128	19.495	109.135	31.910
	232.088	150.657	40.740	27.142	224.150	76.071	29.964	90.176	24.567	35.799
	226.866	187.312	72.166	74.093	234.580	41.969	29.703	18.118	18.709	27.890
	240.388	225.403	52.539	25.939	52.502	230.152	230.659	22.462	25.079	24.411
	227.951	227.852	26.003	85.612	191.625	110.632	190.719	113.090	26.116	28.745
	208.713	227.456	217.818	24.926	222.627	53.422	28.910	23.624	28.470	20.985
	226.376	225.403	217.999	84.344	226.474	65.064	231.473	34.264	14.432	41.606
	32.305	237.341	218.635	47.671	227.555	25.145	96.553	22.998	35.147	30.289
	55.538	225.403	156.878	74.493	24.102	80.289	57.374	26.957	18.849	18.794
	223.958	39.108	223.481	44.631	81.221	51.689	71.428	25.237	212.090	14.868
	33.908	63.419	236.592	78.781	46.103	55.538	51.431	27.459	21.172	30.333
	27.249	25.788	23.459	34.084	77.660	235.423	68.337	31.924	23.271	23.346
	219.000	42.476	52.324	51.725	17.201	27.488	17.618	32.160	30.081	27.356
	220.752	229.347	219.643	27.266	230.253	85.056	68.939	22.810	37.403	18.991
	234.371	235.212	18.162	37.393	226.376	53.597	55.415	19.656	25.788	30.365
	222.911	88.547	218.909	228.447	140.409	69.905	32.655	33.001	22.626	17.127
	54.061	24.673	50.094	68.346	178.389	26.068	67.886	31.198	206.169	29.469
	222.155	26.251	233.535	231.575	20.049	60.049	58.351	19.872	26.065	30.069
	224.534	232.191	236.592	27.662	73.214	27.273	74.642	24.237	29.935	29.906
	222.250	236.165	197.620	228.547	46.911	86.501	53.806	32.218	29.899	14.927
	224.823	223.101	56.157	71.196	71.341	34.226	25.184	27.754	38.157	30.052
	24.199	79.042	88.772	233.224	52.178	46.648	107.106	28.685	25.898	14.919
	220.381	216.647	16.871	28.479	68.053	23.738	18.957	28.931	22.772	30.084
	144.830	14.224	219.367	228.746	26.930	231.780	18.626	28.712	23.169	30.005
	29.762	230.355	119.700	122.985	80.908	61.120	118.082	96.982	38.392	215.401
	216.558	234.896	234.371	21.328	51.350	234.266	22.087	18.834	27.710	20.671
	236.698	186.978	237.449	231.883	65.380	19.822	24.724	23.770	32.698	30.361
	75.742	235.212	20.924	223.863	17.697	69.506	103.389	28.891	22.536	19.426
	217.006	236.698	53.889	221.686	75.123	53.597	23.427	28.208	229.548	30.476
	223.958	225.597	221.125	156.224	53.471	71.761	95.760	28.682	36.965	26.137
	222.344	227.456	33.271	235.635	51.894	53.872	43.829	28.931	16.646	13.471
	52.840	225.597	77.937	237.127	232.294	74.125	71.663	22.395	24.702	18.530
	38.516	212.865	19.189	23.354	17.485	26.875	55.409	28.473	105.173	20.786
	222.250	239.948	218.726	76.282	231.780	37.710	71.859	13.530	23.761	30.692
	100.650	225.888	225.112	30.640	110.329	228.149	51.694	28.756	119.563	9.610
	48.276	45.917	185.457	225.694	26.871	112.871	20.178	102.300	20.186	28.050
	15.781	77.926	56.435	235.953	75.469	238.204	97.997	27.504	24.966	22.659
	199.046	50.504	39.875	101.527	38.502	27.083	22.716	22.092	32.856	31.375
	224.054	71.409	231.678	233.431	232.191	54.773	135.861	20.786	31.625	20.747
	225.403	50.281	118.724	11.740	109.113	235.001	23.141	28.762	20.436	15.002
	227.555	32.287	224.726	229.850	52.787	33.353	37.707	28.846	29.666	19.716
	232.294	219.551	26.509	232.913	72.146	69.112	8.513	28.041	31.187	16.364
	238.421	224.438	86.359	163.993	25.327	41.040	29.579	28.998	19.731	20.423
	234.790	212.606	40.519	176.825	68.427	231.575	230.456	28.503	166.282	27.332
	74.994	236.165	26.601	238.746	232.706	210.896	30.577	28.684	24.814	25.621
	231.780	28.127	204.400	237.127	27.142	31.740	21.660	70.017	21.203	20.712
	235.741	76.920	235.106	238.529	84.007	219.367	21.708	24.947	32.202	28.845
	225.986	43.002	238.529	23.086	40.848	67.415	44.745	35.653	22.719	22.579
	224.534	65.823	226.474	231.780	52.920	234.161	20.381	34.180	27.713	29.200
	217.546	41.130	120.943	108.189	222.250	21.690	49.201	18.636	23.983	28.569
	26.512	17.111	224.534	52.059	25.635	82.891	227.456	21.143	111.740	30.240
	229.850	230.963	238.964	77.718	231.269	47.819	33.575	28.807	19.088	46.286
	216.469	236.912	26.117	48.152	73.718	36.217	21.241	36.971	129.774	29.459
	167.290	223.576	52.724	83.551	26.832	33.709	30.129	221.592	17.719	52.423
	207.803	221.873	233.535	44.184	82.695	56.235	19.767	34.817	26.147	30.024
	220.938	223.958	22.539	52.434	46.703	233.952	32.381	29.897	31.024	23.288
	238.638	239.291	225.986	221.498	52.819	32.253	19.719	37.223	27.076	30.103
	226.572	15.840	234.685	31.715	233.224	53.531	40.940	20.281	110.167	20.844
	239.619	228.547	150.311	78.263	27.624	220.938	30.784	43.343	11.773	30.246
	237.988	221.686	27.111	53.135	82.241	31.375	41.676	41.606	32.471	21.751
	27.279	224.919	67.833	73.822	43.415	49.330	23.447	34.677	232.500	28.892
	214.257	160.676	25.475	26.159	75.742	232.913	230.760	31.430	39.875	31.011
	78.205	221.780	68.142	93.975	57.330	20.573	28.265	8.717	28.826	19.419
	21.551	226.083	56.679	24.354	66.064	33.974	105.660	15.454	31.008	36.614
	221.218	225.597	31.370	52.676	17.896	67.311	30.531	24.079	18.419	44.891
	24.313	226.278	232.294	230.557	59.382	51.679	93.975	28.230	35.797	27.990
	231.985	225.888	216.290	29.213	205.764	55.858	30.388	23.523	8.121	29.106
	229.347	227.062	214.960	89.073	30.726	233.120	94.739	20.902	31.600	23.883
	223.481	227.259	225.694	25.610	70.630	30.815	30.221	27.963	22.964	17.196
	191.836	240.168	28.173	71.928	38.429	71.118	29.696	118.536	231.473	31.267
	236.805	240.609	56.490	27.151	72.656	55.327	63.758	41.471	29.340	48.581
	238.964	28.384	27.701	68.142	40.516	73.102	27.703	27.674	21.555	19.064
	226.181	53.028	77.465	26.715	73.926	37.382	74.652	26.048	32.996	30.679
	35.915	232.088	46.323	86.487	39.473	226.474	55.258	24.336	106.346	225.112
	220.845	33.651	52.266	36.812	42.813	97.778	73.429	23.221	235.212	21.414
	63.442	40.058	232.913	73.853	233.639	27.976	20.429	34.108	47.666	23.999
	222.250	220.474	20.674	37.958	83.819	79.812	98.513	18.057	65.857	22.512
	28.908	224.534	86.274	47.814	26.930	48.621	34.269	30.053	17.269	23.162
	46.030	223.958	47.097	27.252	53.466	89.043	199.881	18.708	49.261	19.627
	10.022	37.623	60.779	71.780	26.643	25.404	92.336	20.819	101.370	32.659
	220.474	49.145	26.363	42.493	48.572	35.393	26.481	40.373	14.530	31.498
	222.061	25.930	28.590	88.115	26.816	55.704	66.864	20.752	23.883	20.391
	226.181	51.618	219.459	21.910	69.700	232.294	53.119	229.648	33.892	23.365
	222.438	26.932	128.817	215.048	50.852	31.908	74.303	33.949	23.706	27.251
	224.150	48.880	238.746	54.369	45.193	80.597	37.228	29.740	20.047	230.760
	233.744	25.776	219.735	232.088	233.224	25.475	22.234	26.911	23.539	230.253
	225.403	24.846	227.161	232.913	225.597	50.056	94.160	209.213	36.872	93.706
	203.448	220.289	24.175	174.762	35.111	233.431	15.612	36.162	28.610	20.026
	223.958	224.919	232.088	27.624	53.933	26.152	102.061	29.743	57.242	32.170
	225.403	222.250	100.265	41.331	232.294	212.865	43.910	18.558	48.784	31.746
	226.866	23.604	40.326	228.846	27.766	59.836	20.796	29.597	31.572	19.806
	198.518	221.032	216.290	225.016	47.464	232.809	123.101	20.988	27.469	226.278
	211.919	236.805	43.847	165.078	26.613	32.345	39.243	230.862	51.750	40.557
	54.184	221.780	230.963	26.073	47.139	83.048	73.615	232.088	39.518	17.879
	234.896	212.692	237.019	40.781	27.569	52.318	27.346	137.753	27.865	111.860
	237.772	224.438	38.299	228.348	50.832	86.047	117.976	232.397	28.573	19.308
	226.572	225.403	231.985	236.485	26.463	24.167	15.273	43.683	15.790	19.598
	235.212	138.298	232.294	141.891	67.475	230.760	107.678	44.914	20.879	91.948
	238.638	225.791	234.266	25.962	53.033	230.760	44.269	18.342	28.607	44.307
	224.534	223.863	236.378	42.893	42.121	148.355	66.407	77.787	13.672	20.017
	239.400	32.669	47.309	220.104	230.963	174.239	25.731	49.903	28.615	30.188
	226.964	56.759	221.967	229.347	225.986	32.208	33.820	26.561	19.532	31.682
	226.670	24.541	225.791	74.973	77.637	70.045	102.620	114.498	26.711	31.520
	218.635	45.773	235.001	231.985	23.824	56.643	43.873	20.202	20.802	86.860
	10.279	19.976	236.805	105.046	230.760	99.203	36.393	19.220	35.878	42.189
	219.459	217.637	26.646	51.669	58.862	30.268	94.177	32.172	27.801	19.312
	238.529	236.912	74.146	79.006	233.224	230.051	46.736	75.895	26.566	9.150
	226.278	127.843	24.799	47.814	27.618	114.623	75.220	46.010	28.970	29.401
	240.388	220.845	230.355	86.089	230.355	225.403	17.921	58.770	18.136	22.218
	220.381	28.152	212.606	24.857	68.903	18.154	19.186	99.864	32.425	38.177
	238.746	59.802	222.344	216.827	222.155	91.053	28.435	18.172	28.342	25.828
	225.694	222.155	236.592	234.580	31.551	52.460	144.035	24.467	228.249	29.780
	240.609	23.781	20.924	148.145	70.440	78.193	40.905	104.335	23.379	42.840
	228.447	37.107	230.659	195.556	54.398	51.567	24.236	35.441	44.980	33.080
	238.421	228.249	236.698	22.243	75.797	79.185	20.863	20.752	35.554	29.826
	220.474	25.829	116.793	231.575	52.428	24.513	22.046	29.955	39.530	28.552
	85.528	229.950	233.535	236.698	73.718	50.699	105.533	30.014	230.152	19.065
	222.344	151.879	22.439	54.991	51.863	221.873	27.016	34.841	235.317	29.640
	225.209	235.001	219.551	220.659	43.531	29.906	36.008	228.149	22.411	34.088
	227.161	196.215	223.672	228.249	230.760	67.087	102.380	34.801	21.208	24.538
	227.654	238.529	182.487	221.967	223.576	17.954	24.345	37.602	35.022	231.678
	220.011	238.964	25.632	111.693	139.810	75.797	18.583	28.598	23.048	17.227
	27.549	29.570	28.837	236.059	26.874	48.689	29.527	70.082	24.094	23.411
	217.006	50.041	220.011	34.831	83.685	82.189	21.043	19.183	28.568	16.048
	74.062	11.128	45.725	78.970	28.413	48.943	23.971	29.637	30.663	229.046
	222.344	231.678	233.224	38.420	60.548	76.371	21.185	19.728	30.955	50.926
	28.969	224.726	224.054	219.643	25.171	50.995	124.150	27.379	34.522	18.537
	218.089	220.289	83.193	119.021	68.651	41.130	19.017	32.285	203.133	24.440
	66.882	226.474	222.533	30.626	40.516	227.654	19.168	22.781	20.561	57.418
	9.798	221.780	34.195	223.863	82.228	235.106	73.885	17.845	26.305	31.536
	221.311	225.694	97.632	222.533	48.971	99.315	54.392	23.282	116.663	43.833
	224.726	223.576	43.928	101.155	65.618	234.580	38.431	19.731	19.706	22.942
	225.500	205.361	26.574	234.266	21.389	33.229	18.876	230.355	27.620	41.321
	222.627	218.726	216.737	20.123	37.824	77.010	9.937	37.800	31.233	31.528
	223.767	224.150	225.694	51.577	228.946	53.281	85.626	21.332	128.439	34.783
	223.767	238.638	239.182	222.061	120.692	78.322	19.103	23.264	33.675	31.549
	226.670	238.855	227.456	32.375	52.465	54.000	20.386	105.194	22.512	230.659
	226.964	239.619	96.341	79.509	66.796	76.060	122.899	19.584	10.837	169.234
	225.016	23.082	37.718	21.902	24.969	46.380	39.960	47.784	30.900	29.240
	233.952	33.355	57.274	232.706	25.139	76.796	19.549	22.678	24.356	225.403
	225.112	28.529	235.106	68.534	230.557	46.533	230.963	32.423	20.652	37.403
	227.456	219.000	32.780	232.603	224.630	86.118	31.673	31.838	100.650	28.353
	196.878	233.016	51.894	20.637	235.212	38.258	115.152	31.579	32.936	19.113
	31.867	205.120	222.344	74.599	73.214	232.500	25.844	23.172	24.013	41.390
	14.281	236.912	18.508	53.130	232.397	68.705	29.923	31.719	28.405	103.573
	215.224	236.272	215.578	76.527	37.513	233.535	119.183	32.283	114.423	19.838
	224.246	23.813	111.361	51.950	231.167	33.336	43.697	105.554	23.054	105.067
	225.694	230.659	39.044	57.399	236.592	68.400	70.706	21.895	68.427	23.739
	218.362	139.847	219.735	235.635	235.212	52.793	52.755	26.065	22.120	18.629
	223.958	225.694	73.978	21.620	83.445	73.030	31.929	22.459	23.244	30.407
	226.964	25.719	233.535	75.491	232.191	52.862	117.950	23.271	32.505	28.857
	232.809	53.060	20.595	51.125	59.094	86.430	45.765	27.362	26.163	106.692
	188.051	222.250	79.776	78.462	237.019	43.041	82.151	13.448	31.734	28.854
	223.576	25.818	36.942	49.908	36.120	77.488	49.620	37.551	21.102	25.710
	227.062	50.180	207.556	84.671	60.422	39.845	19.988	15.021	28.743	29.075
	226.376	28.588	63.735	48.802	26.709	51.155	20.101	24.384	23.849	22.351
	227.555	18.070	235.741	74.684	74.546	233.535	228.946	22.019	29.123	28.765
	227.951	231.065	33.996	51.704	54.613	29.741	94.483	91.915	28.792	19.507
	28.344	237.556	84.358	95.238	56.753	46.648	21.173	17.608	20.904	26.334
	62.430	234.790	41.217	48.285	233.848	235.635	20.631	24.974	232.706	28.753
	221.592	144.750	79.317	32.240	33.679	235.847	105.490	106.932	33.007	14.182
	23.922	225.986	48.455	216.827	73.122	36.500	18.842	21.967	31.709	28.816
	50.980	225.500	87.717	121.870	31.065	29.083	24.918	22.608	26.291	31.775
	26.939	227.062	40.178	235.635	231.678	218.362	30.480	23.253	41.560	28.263
	18.609	43.895	80.896	223.196	223.767	219.092	20.718	22.590	18.948	28.867
	219.919	53.580	43.233	32.265	118.994	238.964	23.337	40.953	32.117	28.666
	222.816	222.722	23.439	78.357	25.840	221.686	73.142	113.506	34.912	45.424
	224.150	27.432	230.557	53.368	82.022	77.385	28.309	24.506	29.644	30.696
	172.406	92.663	224.150	57.983	38.210	233.952	107.260	31.072	102.320	28.961
	221.032	34.307	188.254	235.212	74.324	159.019	20.947	27.025	41.596	28.721
	225.209	47.216	225.888	28.500	38.386	231.883	21.427	42.614	22.858	40.912
	226.083	16.977	223.672	74.684	77.500	36.426	21.203	48.531	26.019	30.851
	34.866	219.551	239.182	51.330	39.281	73.183	23.269	31.511	24.297	39.417
	50.543	238.746	42.121	87.047	72.535	51.720	27.309	88.427	30.353	230.355
	13.899	220.938	27.556	45.444	46.225	63.365	31.750	19.920	41.906	220.474
	228.249	31.441	217.096	86.330	64.911	26.037	92.304	51.090	29.317	28.666
	220.474	204.321	238.204	46.083	21.882	61.862	32.507	31.577	103.023	29.298
	225.306	222.533	189.684	79.630	45.713	25.702	32.953	31.850	19.324	11.349
	233.535	222.911	226.670	51.456	71.196	89.240	16.869	32.501	21.573	21.084
	238.204	226.866	237.664	92.061	51.527	44.393	105.938	106.953	28.608	21.005
	225.597	192.752	20.894	25.103	83.233	54.381	45.507	22.702	17.750	42.631
	222.911	234.790	223.481	82.176	37.289	233.224	82.656	21.736	19.317	29.647
	34.055	225.403	234.896	47.528	47.207	32.651	48.784	24.483	26.151	26.132
	50.680	53.119	142.083	62.796	26.030	49.428	19.479	29.248	230.355	31.381
	24.286	64.734	202.427	26.257	44.956	232.809	110.098	28.615	36.424	20.428
	12.238	25.557	31.635	76.549	14.315	17.876	42.332	28.605	14.342	21.044
	218.271	79.090	71.128	17.478	227.259	230.355	75.797	31.161	27.469	38.607
	218.089	19.097	25.668	230.760	107.282	77.362	54.956	31.937	27.393	31.041
	233.327	231.575	69.139	130.419	235.001	231.269	65.209	28.615	230.862	26.579
	225.209	234.790	38.241	237.664	234.580	31.336	17.759	27.978	30.793	27.750
	223.006	166.124	227.753	215.048	238.964	71.254	24.350	28.940	23.339	21.474
	226.964	199.881	52.591	233.639	238.638	55.474	101.744	28.660	19.687	27.687
	222.061	224.054	213.472	239.729	40.972	71.604	47.867	28.884	22.910	28.845
	234.266	25.465	229.850	236.912	99.845	56.248	75.753	18.256	31.931	36.429
	237.234	219.551	29.520	25.134	43.763	54.078	51.375	28.416	113.286	45.610
	224.534	217.637	210.981	230.963	71.070	25.908	72.616	28.593	22.960	27.947
	193.535	178.754	220.104	225.112	54.613	38.005	56.502	29.143	73.368	31.734
	235.529	23.720	132.362	194.252	76.560	211.833	70.506	18.278	51.436	31.153
	219.275	53.346	225.694	225.306	51.320	221.592	54.477	28.769	68.009	22.537
	232.500	233.848	231.883	29.337	68.651	110.144	78.781	29.178	26.389	29.109
	226.474	28.942	238.204	73.163	36.145	220.659	47.025	27.691	28.623	20.699
	228.149	58.961	44.057	52.840	47.127	33.547	23.904	41.237	98.071	22.518
	228.447	235.423	73.677	32.951	17.432	54.939	104.857	28.038	19.304	19.759
	12.802	25.615	52.649	202.662	229.648	26.812	32.473	28.532	20.252	19.385
	215.313	50.008	32.437	223.672	235.635	35.716	105.681	29.017	34.080	217.006
	232.294	25.154	216.379	184.608	234.161	77.787	22.792	19.428	35.624	24.418
	227.161	53.861	204.960	176.112	106.324	50.233	124.474	22.325	31.513	16.105
	210.472	25.204	180.539	32.590	29.007	68.804	29.136	31.805	41.922	30.432
	19.950	16.927	167.450	66.525	76.639	53.811	95.377	29.059	42.284	21.459
	232.294	221.311	32.513	18.372	52.576	79.461	44.910	27.793	118.886	28.654
	222.250	237.772	66.984	72.686	36.538	23.849	22.554	32.532	9.703	42.397
	213.559	221.592	26.436	42.288	76.605	229.648	19.778	101.507	31.076	21.589
	224.630	220.845	77.305	53.411	48.545	98.605	41.669	21.276	64.314	26.409
	224.438	222.155	52.476	233.431	68.696	26.313	41.623	29.371	14.707	24.871
	225.791	224.534	40.280	31.520	41.550	83.154	39.041	20.442	24.235	26.471
	239.291	58.908	231.780	85.570	46.661	26.032	29.812	30.038	37.363	30.260
	227.852	202.897	219.735	47.593	19.739	74.156	31.102	23.215	35.090	30.138
	234.161	216.112	111.266	87.629	230.051	47.309	26.367	29.865	31.079	29.365
	239.619	190.373	28.044	47.749	145.393	36.318	12.078	30.134	24.449	22.971
	32.331	200.953	36.197	67.545	235.212	215.048	22.075	24.093	101.194	36.050
	16.928	237.880	81.996	51.300	23.343	236.485	113.531	23.042	43.502	31.439
	219.459	16.885	43.647	75.589	92.810	133.440	17.399	19.212	67.719	20.763
	224.246	231.678	68.240	37.846	33.061	189.684	31.052	30.464	14.341	30.326
	219.735	226.083	53.515	92.614	47.088	33.235	34.474	28.444	20.229	29.839
	225.888	201.416	42.040	33.455	26.395	54.733	28.701	26.107	227.358	229.950
	202.115	225.888	224.823	48.415	30.931	22.675	88.637	26.431	20.958	29.442
	224.342	169.507	241.941	26.232	231.883	230.557	44.476	229.247	32.007	19.925
	27.666	235.106	74.114	54.161	237.988	60.723	72.235	51.405	33.711	41.775
	223.576	38.724	229.548	19.509	150.355	233.327	35.629	18.701	30.849	18.724
	200.033	53.248	20.187	231.780	27.598	31.532	18.350	30.162	22.242	32.094
	222.533	223.291	68.071	223.672	50.368	65.659	104.857	32.449	34.790	28.843
	237.019	35.139	53.395	129.326	231.575	25.858	18.497	231.985	11.239	232.191
	224.726	75.928	77.568	218.180	28.134	56.229	29.974	12.465	41.799	189.890
	224.823	19.401	22.657	32.655	234.057	26.730	24.975	11.209	31.648	19.528
	221.873	219.092	219.367	51.986	81.563	75.961	106.389	28.164	44.318	46.042
	48.366	232.294	69.830	235.106	224.150	49.461	31.943	32.391	108.100	27.898
	221.032	184.413	233.327	16.684	27.773	41.929	136.426	230.862	34.204	22.590
	156.878	225.888	32.741	229.749	104.315	233.327	22.946	33.379	36.140	28.891
	238.204	238.312	83.792	224.534	41.123	235.635	81.856	222.061	230.152	23.790
	202.740	236.485	48.210	115.431	76.182	98.903	46.294	231.780	24.794	26.473
	225.597	34.601	82.189	223.291	38.793	28.745	80.424	237.880	229.347	49.109
	223.386	51.894	24.960	33.040	212.176	76.616	29.015	33.748	189.753	6.846
	227.062	233.327	68.561	43.723	61.098	25.476	83.538	41.237	16.628	23.958
	45.166	26.156	51.431	230.152	234.790	68.867	19.888	36.018	27.221	28.011
	80.056	52.533	78.088	236.698	33.032	33.021	96.058	18.811	31.636	30.654
	17.097	24.759	31.532	117.133	63.596	230.963	44.563	21.631	106.066	230.355
	219.551	55.609	231.780	235.847	17.730	93.924	27.393	21.161	22.398	18.610
	220.845	25.515	100.960	31.054	231.575	161.567	36.937	229.447	106.823	30.235
	222.533	19.250	38.038	53.482	125.849	20.155	64.046	19.431	29.839	24.592
	226.474	220.567	220.567	233.120	236.165	70.687	93.505	28.748	104.419	228.647
	224.823	238.421	100.476	28.800	215.578	14.540	30.296	24.331	22.659	26.087
	226.866	205.200	38.367	56.539	30.820	229.950	25.950	19.073	34.873	29.856
	34.271	224.438	230.963	234.266	78.698	232.397	26.655	17.838	112.604	21.192
	56.296	226.181	123.507	34.483	49.994	236.805	107.260	29.203	21.629	20.550
	234.161	226.866	51.065	67.087	53.151	118.189	46.553	30.381	92.728	32.293
	16.206	240.278	58.183	25.776	234.057	226.083	76.773	230.659	25.119	21.106
	219.367	40.889	26.138	85.097	31.890	225.306	18.801	81.677	26.640	42.421
