	12.190	12.564	12.412	12.962	12.449	13.003	13.086	11.160	12.226	12.603
	14.576	11.669	13.837	11.702	13.744	12.564	11.941	13.931	12.962	11.976
	13.128	16.062	14.271	14.027	16.449	15.753	12.800	13.128	15.226	13.979
	15.003	16.125	13.884	16.253	12.603	13.791	16.253	15.875	15.693	15.875
	14.271	14.422	16.318	15.937	15.753	15.226	16.449	16.718	15.753	15.170
	16.384	15.283	14.473	15.937	15.875	17.066	16.000	14.628	16.318	16.253
	16.449	17.282	17.066	16.189	16.650	16.925	16.000	13.884	16.516	16.718
	16.125	17.066	16.449	13.653	24.824	17.429	14.840	16.062	16.384	14.524
	21.787	23.141	16.855	23.011	13.607	17.138	19.980	22.882	24.824	19.883
	19.980	16.318	24.380	17.886	13.837	19.787	13.884	17.429	15.875	20.078
	12.412	12.840	17.210	19.230	24.094	16.189	16.995	13.212	14.840	18.204
	18.450	13.385	13.744	12.449	20.378	15.340	23.540	15.283	19.320	12.337
	19.980	17.210	14.271	15.875	16.582	25.761	18.450	19.412	11.346	16.582
	21.222	17.138	16.925	15.226	12.603	16.253	22.882	18.875	15.693	18.123
	17.066	19.598	22.505	25.761	18.875	17.886	15.398	16.650	17.655	20.686
	17.579	21.113	16.062	19.140	16.995	19.412	19.412	16.786	20.378	19.412
	16.582	16.384	21.333	19.883	20.480	16.062	22.260	19.140	15.633	18.533
	21.787	17.210	17.886	16.384	20.078	18.204	17.210	14.787	20.078	17.282
	22.021	17.210	17.282	21.005	15.814	20.177	19.051	14.473	15.875	19.320
	18.367	21.222	16.384	16.516	17.504	16.062	21.222	18.703	17.808	15.456
	15.814	19.412	14.894	17.655	19.140	17.886	14.473	14.948	20.177	14.894
	27.489	17.731	19.412	16.318	15.456	17.066	17.886	16.516	15.875	18.703
	30.117	13.518	17.886	21.557	16.189	15.875	21.557	18.367	15.003	16.925
	30.340	19.320	14.124	19.598	15.114	17.808	16.855	21.113	21.445	17.429
	32.000	19.051	15.003	17.655	20.078	20.480	20.582	15.003	16.000	19.320
	31.267	17.655	19.230	14.222	18.204	16.650	22.021	18.450	17.504	15.170
	22.382	16.449	17.731	22.882	17.429	17.886	14.787	19.980	19.692	14.681
	27.675	22.755	17.731	20.177	13.473	16.855	18.875	16.189	15.633	18.533
	32.768	17.429	15.456	18.285	20.378	15.875	21.671	18.450	14.840	15.456
	29.257	16.516	16.650	16.650	18.450	17.210	16.582	20.686	19.787	16.855
	28.845	16.786	18.285	15.574	16.582	18.962	18.533	14.222	15.398	18.788
	28.845	21.333	16.718	17.355	15.753	17.655	21.113	17.964	17.282	14.840
	22.755	20.078	15.398	18.703	20.791	16.449	14.576	20.277	19.787	15.633
	30.340	18.285	20.582	16.995	16.000	13.385	18.204	16.000	23.813	18.618
	30.567	14.524	18.285	15.753	16.786	19.140	22.140	18.962	14.894	15.114
	32.251	15.574	14.681	20.791	15.633	18.875	16.516	20.686	19.140	16.189
	29.049	20.582	15.515	20.078	22.140	16.650	18.367	14.075	22.382	18.450
	28.248	20.277	23.011	14.948	19.051	15.226	21.671	17.579	17.355	14.787
	26.256	17.210	18.450	15.875	17.066	19.980	13.884	19.412	3.871	3.518
	31.030	3.468	3.653	3.919	3.390	15.633	17.964	3.537	20.897	17.731
	32.251	17.655	14.948	17.808	14.124	3.531	3.796	16.786	13.607	14.681
	28.444	26.089	16.786	16.995	18.618	14.840	17.282	19.692	18.123	16.318
	29.467	28.248	18.618	16.125	17.138	19.504	16.516	13.429	20.686	19.320
	28.643	29.897	17.138	17.731	16.125	18.204	15.515	17.355	17.655	20.686
	22.629	30.567	15.937	19.051	15.114	17.066	18.123	21.445	18.788	14.422
	28.643	30.567	14.948	17.655	17.579	14.371	18.875	15.814	22.140	18.123
	31.507	23.813	19.230	17.210	17.808	20.277	17.210	17.579	14.422	20.791
	31.507	31.507	16.000	22.021	16.318	18.875	16.125	19.883	18.618	16.125
	31.267	28.643	16.318	19.692	15.114	17.138	17.964	13.744	21.445	18.367
	6.301	28.643	14.576	15.456	19.787	16.000	21.005	17.066	16.449	20.897
	19.980	28.444	20.480	16.582	18.123	15.058	14.524	18.533	18.703	14.027
	26.089	27.863	18.618	22.140	14.473	16.189	15.515	17.282	21.113	17.504
	30.340	22.755	16.650	19.598	15.515	17.355	20.277	15.753	14.524	21.671
	30.340	27.863	13.255	17.808	19.787	16.125	18.367	14.371	18.788	16.062
	28.248	31.030	16.718	16.718	18.450	14.948	18.285	17.210	21.005	17.808
	28.444	31.030	15.170	13.653	25.128	22.882	15.875	17.808	16.449	20.480
	22.755	31.507	19.504	21.113	15.875	18.123	17.579	16.253	18.204	13.698
	28.054	32.507	18.533	19.504	17.282	13.653	18.703	15.114	21.005	16.855
	32.768	22.629	16.000	17.066	18.204	14.840	17.066	19.883	14.027	19.598
	32.507	28.248	17.138	15.937	17.066	19.140	15.937	18.044	17.731	15.574
	32.251	28.845	20.078	21.005	15.693	17.964	14.787	14.576	19.787	17.886
	28.643	28.248	24.526	16.125	20.480	16.582	18.618	15.398	18.533	19.980
	23.141	28.444	26.771	17.429	18.788	15.456	15.283	20.177	16.650	14.222
	28.444	28.248	28.444	15.753	15.226	16.516	16.062	19.412	16.449	17.282
	28.845	24.824	28.248	17.655	15.753	17.964	15.456	17.138	17.282	19.412
	28.845	31.030	22.505	16.000	15.515	17.504	18.875	15.633	18.285	15.574
	29.257	30.567	27.675	21.787	19.412	15.633	16.650	17.066	17.138	17.210
	29.049	32.768	31.030	15.693	17.429	20.480	16.253	18.618	15.875	19.230
	26.597	29.897	29.257	16.516	16.318	18.618	13.429	16.995	21.113	13.562
	31.751	28.248	28.643	21.005	13.212	14.733	19.320	15.875	18.875	17.210
	32.507	22.755	27.863	18.788	19.598	15.574	17.886	14.733	14.840	18.618
	31.507	28.054	22.140	16.995	17.731	20.582	16.650	18.703	15.226	17.504
	28.643	28.248	28.643	15.398	16.449	19.883	15.456	15.170	19.140	16.582
	28.845	30.567	28.444	16.582	15.170	17.429	19.980	16.786	19.980	15.058
	22.755	28.054	28.054	17.282	16.582	15.875	17.066	15.003	17.886	16.384
	28.444	30.796	28.643	15.814	14.124	13.931	16.718	19.140	16.000	18.618
	28.248	24.526	30.340	21.222	2.099	19.692	15.693	17.429	2.116	2.025
	32.251	31.751	22.882	2.033	16.253	17.066	19.883	2.011	17.964	13.931
	31.751	31.507	27.675	14.733	15.226	1.983	2.057	12.487	16.995	18.533
	31.507	31.267	28.643	16.786	20.177	14.075	15.937	18.367	15.515	17.579
	24.236	28.643	28.845	21.222	17.964	19.412	13.385	17.504	14.840	14.321
	28.845	27.306	28.643	25.924	13.837	14.948	19.980	16.253	19.692	14.894
	29.049	22.140	27.675	28.444	14.371	16.384	18.618	15.170	15.170	20.686
	28.248	27.489	22.629	29.467	18.204	15.058	17.138	20.897	17.655	18.123
	29.257	29.467	28.248	29.897	16.516	16.718	16.718	15.456	15.574	16.855
	29.049	30.567	2.737	21.903	15.937	15.875	14.681	16.449	20.177	15.515
	22.629	30.340	26.947	31.267	18.703	18.962	16.125	15.114	18.367	16.384
	32.000	32.768	27.125	30.796	14.628	14.840	17.504	19.412	16.995	18.123
	32.507	26.425	27.675	27.125	15.283	15.515	16.449	18.204	14.222	16.855
	31.030	28.845	21.557	28.248	19.230	19.692	14.681	14.422	20.480	15.456
	31.507	28.248	26.947	27.489	17.579	17.579	18.618	15.753	18.285	14.422
	28.248	27.675	28.054	21.903	16.253	15.814	17.429	20.582	17.355	18.285
	23.011	28.444	28.054	29.897	20.582	14.628	13.884	19.140	15.814	15.398
	28.643	28.248	28.248	29.467	15.398	15.574	14.524	18.703	21.557	15.875
	27.675	22.629	28.643	30.340	15.937	16.125	17.429	16.384	16.125	14.628
	27.863	27.489	22.629	30.567	15.515	15.753	15.283	15.283	16.449	18.962
	28.444	30.567	30.567	31.507	19.051	18.875	19.051	16.995	16.125	18.618
	32.251	3.900	26.597	24.674	16.650	16.995	17.210	17.731	21.222	16.062
	25.128	26.256	27.675	26.947	15.283	15.398	13.607	16.855	18.788	12.880
	30.340	28.444	28.054	29.681	16.384	16.582	19.598	15.633	17.808	19.140
	32.768	23.676	28.643	31.267	19.140	17.579	17.731	20.480	13.979	17.731
	32.000	30.117	22.629	27.675	24.975	15.753	15.875	18.204	21.005	16.253
	29.257	30.340	27.863	27.675	26.425	19.787	14.524	14.787	19.320	15.753
	28.643	31.030	28.845	22.021	27.306	17.731	17.808	16.062	18.788	19.598
	22.755	28.444	28.845	29.467	27.489	16.786	15.058	17.066	16.718	15.398
	28.248	28.054	28.444	30.340	23.540	13.044	14.473	15.574	15.283	16.189
	28.643	21.671	30.796	30.796	27.489	18.618	18.285	18.875	15.814	14.948
	32.000	32.000	22.505	32.251	27.489	16.582	16.516	17.355	17.731	19.692
	33.032	31.751	28.845	30.567	28.444	15.114	15.170	13.837	16.650	18.044
	28.643	31.507	28.248	22.382	28.054	18.703	19.140	20.277	15.340	16.516
	5.834	28.248	28.643	27.125	27.863	17.066	14.894	18.367	20.686	13.212
	27.125	28.054	28.444	27.306	22.260	13.342	15.814	15.574	18.123	1.375
	29.049	22.882	29.049	27.863	27.489	19.051	19.980	1.293	1.321	17.655
	31.030	31.507	23.141	30.796	27.489	1.329	1.329	18.204	14.840	16.062
	27.675	27.863	27.675	30.567	28.248	15.226	15.398	14.271	15.875	15.003
	28.054	28.444	27.863	23.540	31.030	19.230	14.422	14.681	14.173	14.473
	22.382	28.845	31.267	31.507	28.444	17.282	15.340	19.230	19.598	15.937
	29.897	32.251	29.257	30.796	22.140	13.607	16.253	17.355	16.786	16.718
	31.507	24.526	28.845	30.567	1.538	14.422	14.628	15.814	13.385	15.515
	30.796	30.796	22.382	27.863	24.674	17.655	18.703	20.177	19.051	14.733
	32.000	31.507	28.248	27.306	26.947	18.285	17.066	15.456	17.210	18.962
	28.248	28.248	28.845	21.787	27.489	23.953	15.226	16.125	15.875	16.925
	22.755	28.248	28.845	27.489	27.306	25.440	15.875	20.378	15.114	14.473
	31.267	28.444	28.248	27.125	22.021	21.222	17.066	19.412	18.450	14.681
	28.248	22.505	28.845	30.340	27.489	30.117	16.125	17.429	14.075	16.318
	25.600	27.675	22.629	29.897	31.267	27.306	19.980	14.894	14.787	14.894
	29.681	29.681	31.030	32.000	28.444	26.597	17.066	15.693	18.123	18.285
	32.251	32.251	28.845	24.674	27.306	26.947	0.168	0.167	0.168	0.168
	23.540	32.251	29.049	30.796	27.489	26.597	0.066	0.075	0.061	0.099
	28.845	31.507	28.845	27.863	21.903	21.787	0.159	0.184	0.169	0.138
	29.257	22.505	28.845	1.992	27.306	26.425	0.073	0.080	0.083	0.085
	28.444	28.444	22.629	24.094	27.489	26.947	0.194	0.160	0.182	0.159
	29.681	28.643	28.248	26.597	28.444	27.489	0.093	0.071	0.065	0.084
	28.444	28.845	28.054	21.445	27.675	27.306	0.189	0.138	0.164	0.120
	22.755	28.248	28.845	29.681	28.248	29.467	0.084	0.083	0.084	0.073
	28.248	28.054	27.863	31.507	23.813	21.903	0.170	0.117	0.183	0.219
	28.845	26.256	31.030	31.507	28.248	26.947	0.079	0.084	0.071	0.066
	31.507	31.030	23.141	30.567	28.054	26.771	0.151	0.146	0.141	0.142
	28.845	31.751	28.054	31.267	27.489	26.771	0.074	0.089	0.072	0.075
	28.643	31.507	27.675	22.021	27.863	26.947	0.184	0.210	0.225	0.169
	22.505	29.049	29.257	27.489	28.248	26.771	0.414	0.082	0.066	0.066
	28.054	28.444	29.681	27.306	22.140	21.903	0.360	0.134	0.143	0.235
	28.444	22.382	28.643	27.863	27.675	24.824	15.398	0.076	0.063	0.085
	29.257	27.675	2.598	27.863	27.863	26.256	16.650	0.144	0.215	0.126
	29.049	31.751	24.975	30.117	28.054	29.049	17.282	0.072	0.088	0.065
	29.049	32.000	26.425	24.526	30.567	23.676	18.123	0.152	0.145	0.202
	22.382	31.030	31.030	30.117	28.248	25.761	15.633	0.072	0.084	0.071
	31.030	29.257	28.248	30.117	22.382	21.333	17.964	0.165	0.112	0.218
	28.845	23.141	28.444	30.567	28.248	26.597	0.109	0.089	0.079	0.076
	28.643	31.507	22.140	30.796	27.675	26.947	0.378	0.158	0.194	0.157
	28.845	31.267	27.675	28.054	27.489	26.947	1.763	0.077	0.083	0.081
	30.340	28.444	28.054	22.629	28.248	26.771	0.791	0.158	0.130	0.138
	22.882	28.643	28.248	27.675	28.444	27.125	0.492	0.081	0.073	0.065
	27.863	28.845	28.845	30.340	22.505	21.671	0.075	0.135	0.145	0.158
	28.444	22.505	28.845	30.340	27.489	28.054	0.215	0.077	0.063	0.080
	28.444	25.440	22.505	32.000	29.897	25.924	10.317	0.150	0.168	0.263
	32.507	4.083	31.751	32.000	28.444	27.306	3.690	0.072	0.072	0.087
	29.681	28.054	29.049	21.787	28.248	27.306	0.857	0.148	0.172	0.202
	22.629	29.049	28.444	26.771	27.489	26.947	0.497	0.069	0.069	0.077
	28.643	30.796	28.643	26.947	21.787	1.230	1.190	0.138	0.121	0.208
	28.643	24.094	28.643	31.507	27.125	23.405	16.000	0.410	0.102	0.070
	28.444	29.467	23.011	26.597	27.489	25.924	17.210	0.071	0.147	0.149
	29.257	30.567	28.248	27.675	28.248	26.089	17.210	0.262	0.068	0.076
	28.845	31.267	28.444	22.505	27.675	26.089	17.066	0.091	0.123	0.160
	23.011	28.845	28.643	29.897	28.248	29.467	14.787	0.234	0.076	0.080
	28.845	28.444	28.054	31.507	23.813	21.671	17.504	0.165	0.198	0.132
	31.030	24.094	30.796	30.567	28.248	26.771	28.054	10.981	0.071	0.072
	29.257	29.681	22.505	29.897	27.675	27.125	27.863	0.109	0.145	0.115
	29.467	30.340	28.845	31.267	28.248	27.125	28.054	0.130	0.066	0.068
	29.049	31.267	29.257	22.260	28.444	27.489	17.429	10.475	0.148	0.201
	22.629	27.863	28.248	27.675	27.489	26.947	22.382	3.020	0.083	0.088
	5.997	28.643	28.054	27.125	22.755	21.557	16.650	1.971	0.162	0.122
	25.283	22.505	28.845	27.489	1.561	26.425	17.355	14.894	0.080	0.068
	27.125	31.267	22.755	30.340	24.380	26.089	19.140	14.321	0.157	0.177
	28.054	31.030	28.248	29.897	26.256	28.643	29.049	0.838	0.089	0.091
	28.054	31.751	27.863	24.526	30.117	27.489	29.897	15.574	0.182	0.143
	24.526	32.000	32.000	30.796	28.444	28.054	23.540	17.731	0.081	0.087
	28.643	29.467	28.248	30.340	22.260	21.671	29.897	16.253	0.169	0.178
	28.845	22.382	28.643	30.117	25.761	26.947	26.597	17.355	0.068	0.073
	28.444	27.675	22.260	27.863	26.597	26.947	28.248	17.504	0.174	0.207
	30.117	28.444	28.444	27.863	28.248	28.054	28.845	22.140	0.414	0.073
	29.049	28.643	28.054	22.382	27.489	26.947	29.897	16.318	1.210	0.233
	22.882	28.248	28.444	27.125	27.863	26.947	23.540	26.947	16.384	0.069
	28.444	30.340	28.444	30.340	22.021	21.903	30.340	29.467	17.808	0.159
	28.845	24.526	29.467	29.897	27.675	27.675	27.863	2.197	17.429	0.075
	29.049	30.796	24.236	1.997	30.567	26.771	28.643	15.398	17.579	0.143
	30.340	33.032	28.444	27.675	28.248	27.306	28.643	13.791	18.533	0.074
	29.257	32.251	28.643	22.505	28.054	26.947	28.248	17.210	18.204	0.168
	23.011	30.340	29.049	29.049	28.444	27.863	22.755	27.489	27.489	0.080
	29.049	28.444	28.444	30.340	22.505	21.787	28.248	28.054	28.054	0.139
	28.248	22.505	28.444	30.340	27.306	26.947	29.681	26.771	21.222	0.070
	28.643	27.306	22.629	27.675	27.675	26.947	29.897	17.210	26.771	0.161
	29.467	28.444	28.845	27.863	27.306	27.863	29.049	16.786	19.504	0.071
	29.049	31.507	28.444	23.141	28.054	27.125	30.796	30.117	17.808	0.130
	22.755	29.049	28.248	29.049	28.054	29.897	22.260	27.675	17.964	0.075
	28.444	28.444	30.796	31.751	23.953	22.140	26.771	0.255	21.005	0.161
	31.507	26.256	29.467	32.000	28.444	26.771	29.257	8.462	28.845	0.077
	29.049	31.030	22.382	28.054	27.125	26.947	29.257	0.100	27.489	0.162
	28.845	30.796	28.054	28.248	27.863	27.675	29.681	1.515	27.675	0.070
	28.643	32.507	28.248	23.813	28.054	27.125	27.306	0.190	26.089	0.140
	23.141	29.049	28.054	30.340	28.444	28.054	23.540	11.409	26.425	0.408
	28.643	28.643	2.739	32.251	22.260	21.903	28.444	0.208	26.771	0.073
	28.444	22.755	25.128	30.796	28.054	27.125	1.169	0.080	24.824	2.399
	28.444	28.248	21.333	27.675	27.675	26.947	0.174	0.351	27.675	0.817
	29.049	29.049	27.489	27.863	31.507	30.567	0.085	0.100	28.248	0.491
	28.845	31.507	30.340	23.813	28.845	27.675	0.582	10.063	27.863	1.154
	24.526	32.000	28.444	30.340	28.444	26.947	10.039	2.020	0.621	0.148
	28.054	29.681	24.975	30.117	22.382	22.021	0.408	2.856	0.078	0.085
	29.049	22.382	32.768	30.340	27.863	28.054	0.140	0.161	0.178	0.532
	28.845	30.340	22.629	27.863	28.248	1.262	11.636	0.390	0.311	0.311
	28.845	30.796	28.248	27.306	28.248	23.405	0.108	0.088	9.246	0.083
	29.049	31.030	27.863	23.676	28.643	25.128	0.148	10.395	6.243	0.600
	23.141	28.643	27.863	30.117	28.054	26.256	9.204	0.196	2.904	0.170
	28.845	28.444	28.444	29.897	22.260	21.222	2.555	2.336	0.083	0.096
	29.049	23.011	28.845	30.117	29.467	29.897	4.917	0.153	0.409	2.589
	29.257	3.927	24.380	29.681	28.643	27.306	0.996	11.130	0.134	0.797
	32.251	29.467	28.248	28.643	27.675	27.489	15.340	0.186	0.287	0.486
	29.681	29.467	28.054	21.787	28.444	27.306	16.925	2.384	0.102	1.136
	22.755	28.643	27.863	29.467	28.248	27.125	14.422	13.562	1.583	17.138
	28.248	30.567	27.863	29.681	22.021	22.140	16.995	0.115	0.114	0.183
	29.681	24.236	29.049	31.267	28.054	27.125	17.282	0.270	0.086	4.530
	28.444	30.117	22.755	27.675	27.675	26.947	17.429	9.351	0.243	0.084
	29.257	29.897	27.863	27.675	27.489	27.675	27.125	3.362	0.218	0.262
	29.257	31.267	28.444	23.676	27.863	27.675	29.681	0.088	0.096	9.917
	23.272	28.845	28.444	30.117	31.267	30.340	22.140	11.010	0.297	0.229
	32.251	28.845	31.507	31.267	22.629	22.260	16.449	0.353	0.240	0.102
	29.897	24.674	29.467	30.796	1.545	27.863	17.579	12.880	9.437	2.202
	29.049	28.444	22.882	28.054	23.953	27.489	17.282	2.467	0.081	0.215
	29.467	28.444	28.845	28.054	26.597	27.675	19.504	2.801	1.904	0.416
	28.643	32.251	28.643	22.021	27.306	27.306	29.681	14.948	0.120	10.113
	23.405	28.444	28.248	30.117	27.489	27.675	23.405	15.814	11.702	0.132
	28.248	28.444	28.054	29.897	22.140	21.903	28.845	15.753	0.130	10.063
	5.826	24.674	28.444	30.796	27.863	27.489	29.897	2.499	10.240	0.082
	25.440	31.267	21.557	27.675	27.675	27.306	30.340	15.340	1.866	0.349
	26.597	31.267	27.863	28.054	30.117	29.681	27.489	11.191	0.091	0.325
	30.340	32.251	31.507	24.975	28.248	27.489	28.643	16.253	0.170	0.243
	22.882	29.681	29.681	30.796	28.054	27.675	23.540	17.282	10.556	0.308
	27.675	28.643	28.248	29.897	22.505	22.140	29.049	26.425	0.379	10.113
	28.248	22.882	28.643	30.567	27.863	27.489	29.681	24.975	0.173	1.975
	29.049	28.054	22.755	27.675	28.248	28.054	0.395	16.125	10.583	3.282
	29.467	31.507	28.643	2.009	28.248	28.643	20.582	14.222	0.194	0.085
	29.049	31.267	27.863	19.883	28.845	26.425	23.405	27.125	2.946	0.263
	23.272	28.248	28.444	27.675	28.444	27.489	19.980	0.212	0.237	5.291
	28.845	28.845	28.444	26.256	22.629	21.787	29.897	12.962	4.740	0.208
	29.681	22.882	29.257	31.267	29.897	29.897	29.897	0.286	0.091	0.177
	32.251	32.251	24.380	30.567	28.248	27.675	28.643	8.714	0.195	0.297
	29.681	32.251	28.643	27.489	28.054	27.675	26.425	0.191	0.164	12.082
	29.257	28.643	28.845	22.260	27.489	27.125	0.308	0.563	0.229	12.880
	23.272	28.444	28.643	29.897	29.049	27.675	9.637	0.099	0.296	0.186
	28.845	28.248	29.049	29.467	22.382	21.333	0.085	3.371	0.243	11.804
	29.257	22.882	29.049	30.796	27.489	26.425	1.732	2.836	0.093	0.286
	29.257	31.030	22.629	30.340	27.675	26.771	1.234	14.075	0.207	10.922
	29.049	31.030	28.643	28.054	27.675	26.597	0.152	13.607	12.681	0.112
	29.681	31.267	28.248	22.755	28.444	29.467	12.564	16.650	0.266	2.388
	22.755	28.444	27.863	32.000	30.340	27.675	0.591	0.165	0.220	0.120
	32.507	29.897	30.567	31.751	23.141	21.903	0.101	0.348	0.271	0.184
	30.340	25.440	27.125	31.267	28.054	27.306	0.159	0.226	11.770	0.255
	28.845	28.248	23.540	28.054	27.863	27.675	0.168	10.922	15.114	0.391
	28.444	31.507	27.125	28.054	28.248	27.125	9.394	12.190	15.058	0.202
	28.845	28.248	2.661	22.260	28.248	27.306	0.189	14.027	0.265	0.282
	23.405	28.444	24.674	30.567	28.248	1.250	0.132	0.435	0.080	0.075
	28.643	27.863	26.425	29.681	22.505	19.692	0.253	2.850	10.750	0.195
	28.248	22.505	27.675	28.444	27.675	26.089	0.790	14.173	2.026	11.070
	28.643	30.117	22.260	27.125	27.863	28.248	0.495	17.138	0.174	15.753
	29.257	31.267	28.054	32.000	31.507	27.306	1.171	13.931	0.264	0.237
	32.251	31.751	32.000	24.236	29.049	27.306	16.125	17.429	0.151	0.230
	23.272	32.000	28.444	29.467	28.054	27.675	15.226	16.855	10.893	10.750
	28.054	27.863	28.643	29.897	22.140	21.445	7.406	16.855	0.406	14.733
	29.681	22.882	28.845	31.030	27.863	27.675	0.375	17.504	0.181	2.052
	28.845	28.248	22.505	28.444	27.675	26.425	0.410	0.131	0.213	1.547
	29.257	28.444	27.306	28.248	28.248	27.306	1.477	9.917	0.080	0.205
	28.643	28.643	28.444	22.260	28.643	26.771	0.133	13.562	0.177	9.917
	22.755	28.643	28.643	28.054	28.444	27.489	11.570	0.179	0.194	0.185
	27.863	33.300	28.845	30.340	22.021	23.405	2.349	0.077	12.300	10.163
	28.643	24.236	28.444	32.251	29.257	27.306	2.630	10.502	0.234	3.016
	32.507	3.817	24.526	30.340	28.248	26.947	15.058	2.196	0.312	0.091
	30.117	27.863	30.567	31.267	27.863	27.125	16.718	2.876	0.178	10.951
	28.845	29.467	28.845	24.380	27.863	26.425	17.210	0.339	0.268	1.883
	23.272	30.567	28.248	26.597	28.444	27.125	12.840	0.204	11.906	0.135
	28.444	28.444	28.643	27.675	22.260	21.903	0.861	12.300	14.473	0.225
	29.257	22.755	28.643	27.863	1.568	27.675	15.753	0.458	2.678	0.210
	28.643	27.675	22.629	27.489	23.813	26.597	17.655	0.201	3.240	9.941
	27.863	31.030	27.863	29.681	26.425	27.125	18.123	10.529	0.065	0.284
	30.340	30.796	28.248	23.813	26.771	29.681	0.088	15.003	10.666	0.188
	23.011	32.507	29.049	31.267	31.030	28.643	7.314	0.346	13.044	0.153
	30.567	31.751	31.507	29.897	22.140	21.787	0.149	0.718	0.140	0.102
	29.049	22.755	29.049	30.796	26.771	27.125	11.070	1.332	0.162	11.314
	29.049	28.643	22.505	29.467	28.054	27.125	0.452	2.985	11.377	0.240
	29.681	28.643	28.643	27.675	28.248	27.489	10.981	12.880	2.467	0.269
	29.257	28.643	28.248	22.505	28.054	27.306	0.247	16.995	2.836	0.205
	22.755	28.643	28.643	27.306	28.248	27.675	9.225	0.128	4.546	4.108
	28.643	26.947	29.049	30.567	22.505	22.021	0.082	10.502	3.442	0.136
	28.444	24.236	28.643	30.796	28.248	27.306	1.518	0.269	15.114	0.344
	6.532	30.796	22.755	27.306	27.489	29.467	1.187	0.246	16.786	0.276
	26.089	30.567	28.054	32.251	31.030	27.489	1.017	0.257	17.964	0.067
	31.267	31.751	31.507	1.956	28.643	27.489	1.408	0.092	17.886	0.251
	23.011	32.768	30.117	26.089	28.643	27.863	2.536	11.441	17.808	0.232
	28.444	28.054	28.444	28.054	22.505	21.903	14.473	0.165	0.194	0.238
	28.248	22.629	28.845	30.567	27.675	27.306	16.125	0.293	9.416	0.212
	28.845	27.863	22.755	28.054	26.771	26.771	8.497	0.236	0.166	11.702
	29.897	28.643	27.863	28.248	28.444	28.444	0.213	9.917	11.473	0.109
	29.049	29.467	28.643	22.140	27.863	27.306	11.669	2.413	2.989	9.525
	23.011	28.845	28.248	26.947	28.444	27.489	13.385	0.607	2.306	0.179
	28.444	31.507	28.845	30.340	24.380	24.236	14.787	0.183	0.134	3.177
	32.251	23.272	31.507	32.251	28.845	27.306	4.418	0.229	10.369	0.158
	29.681	31.751	22.629	30.567	28.054	27.306	2.647	0.294	2.172	0.638
	28.845	31.267	27.489	30.567	27.863	27.125	14.948	10.369	0.513	0.351
	29.049	31.751	28.054	23.813	25.924	27.125	17.504	0.224	0.195	0.082
	23.405	28.643	29.257	30.796	27.489	28.444	16.449	0.289	0.071	0.201
	28.845	28.643	28.248	27.125	22.260	21.903	21.445	0.099	2.545	9.799
	29.467	22.755	28.444	27.675	27.863	1.286	29.681	0.153	0.238	13.698
	30.567	28.248	22.629	28.444	27.675	23.540	26.089	0.382	0.216	0.391
	29.257	31.507	28.845	29.897	28.643	26.089	21.671	0.189	0.251	0.568
	28.845	31.507	28.444	22.382	30.567	30.340	29.467	0.469	0.321	1.092
	24.236	28.444	31.507	31.267	28.444	27.489	5.382	9.990	0.178	0.243
	29.467	32.000	28.845	29.897	22.382	21.903	3.596	0.536	0.256	0.207
	29.257	25.440	29.049	31.751	28.444	27.489	16.516	0.232	0.182	0.246
	29.467	28.248	2.656	30.567	28.054	26.089	22.260	3.321	0.205	10.502
	28.845	31.267	24.526	30.567	28.054	28.643	25.283	0.173	10.214	0.079
	28.845	31.267	26.425	22.505	28.248	27.675	25.761	0.205	15.875	0.374
	23.405	28.643	27.863	27.675	28.444	28.248	20.686	10.291	0.247	0.135
	28.845	28.444	28.248	26.947	22.629	22.021	26.089	0.085	9.799	11.283
	29.049	22.505	28.643	26.597	27.306	26.947	26.597	0.121	0.170	3.279
	28.845	27.675	22.629	30.117	30.567	30.117	29.257	10.529	0.251	2.799
	32.251	32.000	31.507	32.000	29.049	28.248	26.947	1.941	0.113	0.431
	29.467	32.251	29.049	24.380	28.248	27.489	26.771	0.955	11.314	2.701
	22.882	28.643	28.643	30.796	28.248	26.947	21.445	1.313	1.703	0.346
	29.049	28.643	28.444	30.117	22.505	22.021	26.425	2.758	0.120	0.166
	28.054	24.674	29.049	31.267	27.863	27.863	26.771	11.736	0.386	0.185
	28.643	32.507	23.011	27.675	28.248	27.675	26.947	0.690	0.159	0.217
	28.643	31.267	28.248	27.863	28.054	26.947	27.675	1.294	6.340	11.100
	28.643	28.248	28.054	22.140	28.444	27.675	26.947	1.481	0.242	0.281
	23.272	28.845	28.845	27.489	28.643	27.863	22.260	0.210	0.332	0.106
	28.845	28.444	29.257	27.675	23.953	23.676	20.791	10.835	0.274	0.207
	31.507	3.644	30.567	32.000	1.559	27.306	0.188	4.442	0.151	11.040
	29.049	25.924	23.011	30.340	24.674	26.947	10.529	2.848	0.188	13.342
	29.681	27.489	28.845	31.030	26.771	28.444	16.125	13.837	1.743	0.186
	29.049	30.567	28.248	24.380	27.489	27.306	15.398	0.188	2.832	0.202
	22.505	28.054	29.049	30.117	27.675	27.675	0.178	0.269	0.093	0.538
	29.257	31.267	28.248	28.054	22.140	22.140	9.965	3.038	10.981	0.261
	29.257	24.526	28.845	28.643	27.125	27.489	2.858	11.702	12.047	0.210
	28.845	27.489	22.629	27.863	26.771	26.771	5.425	0.209	2.113	0.223
	29.681	32.000	28.643	28.248	27.125	28.248	0.143	10.088	1.149	12.840
	29.467	31.507	28.643	21.113	30.567	30.567	11.838	0.164	0.113	0.276
	25.128	32.000	32.000	31.751	28.845	28.845	11.603	0.196	0.214	10.163
	30.340	29.257	29.257	31.507	22.021	22.382	4.079	0.245	0.263	0.079
	29.049	23.011	27.675	30.117	28.054	26.947	2.637	0.096	0.291	0.199
	29.049	27.489	22.140	31.030	27.863	27.489	15.574	0.208	10.556	0.255
	29.897	32.251	28.054	30.567	27.675	27.863	14.124	0.207	0.228	0.181
	28.845	31.507	27.863	22.140	28.054	27.675	18.044	0.424	0.351	0.422
	23.141	28.845	28.248	2.050	27.863	27.489	11.838	0.236	11.040	0.221
	28.444	28.643	28.444	24.674	21.903	22.382	17.808	0.434	1.781	9.799
	29.257	22.882	28.643	25.924	28.444	27.489	0.072	0.235	1.224	0.148
	28.643	28.248	22.882	29.681	31.267	31.030	0.164	9.183	1.277	0.533
	6.291	32.000	31.267	28.444	29.681	27.489	11.872	0.413	3.165	0.090
	26.425	32.768	28.054	23.272	28.248	27.489	0.193	0.329	0.233	8.885
	21.903	28.845	29.257	29.897	28.845	28.054	0.295	0.456	11.636	3.653
	27.489	30.117	28.248	29.681	22.755	22.140	0.151	0.098	0.378	0.151
	28.054	22.629	28.444	30.340	28.054	27.306	12.337	12.154	0.100	0.158
	28.444	30.796	22.755	32.251	27.489	27.306	14.075	0.140	0.677	0.258
	28.444	32.000	28.444	31.267	28.643	27.675	16.000	0.318	0.297	11.377
	29.897	28.248	29.049	22.505	28.248	1.281	4.841	0.322	0.127	0.235
	22.505	28.444	28.054	27.863	28.248	25.761	2.670	0.183	11.505	0.201
	32.251	28.444	29.049	30.567	24.526	20.897	15.515	11.314	0.147	10.951
	29.681	26.597	31.751	28.643	28.845	26.597	16.718	14.681	10.864	0.257
	28.643	32.000	23.141	28.054	28.054	27.125	13.837	0.185	3.416	0.290
	29.257	31.030	28.054	27.863	29.257	27.306	0.208	10.694	5.389	0.201
	29.049	28.845	28.444	24.236	27.675	27.489	10.864	2.846	3.368	0.115
	23.272	28.845	28.643	31.267	28.248	28.248	0.187	0.379	14.840	11.505
	28.643	29.049	26.947	30.796	22.260	21.903	1.613	0.275	0.186	0.139
	29.049	22.629	28.444	30.567	27.675	26.425	1.046	0.124	9.846	0.181
	29.049	28.444	22.629	30.796	27.489	26.771	0.117	11.283	0.269	4.654
	29.257	32.000	29.049	27.863	27.863	29.897	0.211	0.175	0.322	5.475
	32.251	30.796	28.444	23.540	31.030	27.675	0.164	4.571	11.283	0.108
	23.141	30.567	31.267	27.863	29.049	26.771	0.207	4.149	0.121	0.206
	28.643	31.751	2.647	30.340	22.382	22.260	11.010	15.875	0.103	0.190
	28.845	23.011	25.283	30.796	29.049	27.125	2.944	17.355	0.165	9.082
	29.049	27.863	21.222	28.054	28.054	27.125	3.215	17.808	0.430	4.112
	28.643	26.947	27.125	28.248	27.863	27.125	0.425	0.238	0.214	0.083
	28.444	28.444	27.489	24.526	28.444	27.306	2.461	0.163	10.475	0.159
	23.272	29.049	29.467	30.567	28.643	27.675	2.846	11.070	0.224	0.244
	28.444	31.507	29.257	29.467	22.505	22.505	2.678	12.681	9.706	0.439
	28.643	24.380	28.643	31.030	28.054	29.467	16.125	17.282	0.226	0.374
	31.507	30.567	22.629	29.681	31.267	26.089	16.995	0.149	0.206	10.778
	29.681	32.000	32.000	28.845	28.054	26.425	17.066	9.481	0.279	0.237
	28.643	33.573	29.049	22.382	28.054	26.947	0.184	0.161	0.092	0.099
	23.141	28.643	27.863	27.306	28.248	27.125	0.207	2.852	6.595	0.216
	28.845	28.444	28.248	30.117	22.140	21.903	0.077	16.253	0.154	0.212
	29.049	22.882	28.248	30.796	1.553	27.125	0.201	0.256	0.161	0.268
	28.845	28.444	22.882	30.796	23.813	26.771	10.778	0.220	11.252	0.339
	29.049	28.054	27.863	29.897	25.761	27.125	15.398	10.778	0.303	0.413
	28.845	31.751	29.049	24.236	26.947	26.597	2.617	0.167	4.597	0.128
	23.272	28.643	28.248	28.248	28.054	30.340	0.197	0.088	3.289	0.091
	31.751	3.860	28.248	30.117	23.676	22.021	0.178	0.182	0.106	0.388
	28.845	22.260	31.267	28.054	29.049	26.597	9.459	0.186	0.243	0.458
	28.845	28.248	22.755	27.675	27.863	26.947	4.112	0.193	0.553	0.230
	29.681	29.897	28.643	28.444	28.643	28.248	3.220	0.214	0.246	6.340
	28.845	30.796	28.845	24.526	28.054	27.125	0.395	0.252	9.990	0.637
	22.755	31.030	28.444	30.117	28.444	27.306	1.098	0.262	0.066	0.234
	28.054	28.248	28.643	30.117	22.140	21.787	0.627	11.314	14.124	0.084
	28.845	22.755	28.643	29.897	27.675	27.125	0.168	0.156	12.412	11.010
	28.643	28.248	22.882	29.049	27.306	26.597	9.481	0.245	0.232	0.246
	30.567	31.030	27.489	27.125	28.248	29.681	0.131	0.103	0.211	0.162
	31.751	31.267	31.507	24.975	30.567	28.054	11.505	12.641	2.684	9.990
	23.405	32.000	29.467	30.117	29.049	27.675	3.297	14.894	0.304	12.300
	29.257	29.467	29.257	30.340	22.755	22.021	0.116	0.194	0.229	5.557
	28.444	22.629	28.248	2.000	27.863	26.597	13.128	10.265	0.278	0.175
	28.054	28.643	22.629	23.953	27.863	27.306	4.409	14.787	0.104	0.341
	29.467	32.000	28.643	25.761	28.054	27.125	3.332	7.380	11.538	12.921
	29.681	28.643	28.444	22.755	28.444	28.444	16.125	2.782	0.236	0.099
	22.755	28.444	28.248	29.897	27.863	26.947	14.473	14.576	0.141	0.402
	28.643	28.845	28.643	29.897	22.260	21.671	17.210	16.786	0.433	0.319
	29.681	24.824	28.643	30.567	30.567	1.251	17.138	17.138	11.040	0.216
	32.251	30.567	24.380	31.507	27.675	23.953	17.886	18.044	0.206	0.285
	29.467	32.251	29.049	30.567	27.863	24.674	18.533	15.170	11.409	12.603
	6.059	32.768	29.681	23.813	27.863	25.761	0.082	17.808	2.240	2.564
	20.897	29.049	28.444	31.030	28.643	27.125	9.941	20.177	0.090	0.108
	27.125	28.248	28.643	27.489	22.505	21.333	13.473	19.883	0.520	0.406
	27.863	22.629	28.845	28.444	27.675	26.771	2.293	0.159	2.003	0.158
	27.863	27.863	22.382	28.054	25.761	26.425	1.191	8.865	0.096	0.274
	28.643	32.000	28.248	28.643	27.489	27.863	0.215	13.744	0.260	11.100
	27.675	33.032	28.054	22.382	26.947	27.306	9.799	16.582	11.040	0.155
	22.382	29.467	28.444	30.567	31.751	29.681	0.158	5.100	0.201	0.071
	31.507	31.507	30.796	32.000	22.505	22.140	11.702	2.574	0.252	0.927
	29.257	23.540	29.257	31.267	28.054	27.125	2.640	14.681	0.092	1.629
	28.643	28.643	22.505	30.567	28.054	27.125	0.253	16.062	0.204	0.252
	28.845	27.863	27.125	31.267	28.054	27.306	11.130	7.447	9.459	4.149
	29.049	28.643	28.643	22.629	28.444	27.125	2.220	2.882	13.744	0.160
	23.405	29.257	29.049	27.863	27.863	27.675	0.163	15.574	0.426	0.096
	29.049	29.257	28.643	27.863	22.140	21.671	0.191	17.655	0.136	0.400
	29.681	22.755	28.845	27.489	27.863	26.771	11.976	18.285	0.193	0.223
	28.845	28.444	22.882	28.248	27.863	27.125	13.931	18.367	0.123	9.917
	32.768	29.257	28.444	32.251	30.567	29.681	1.750	15.753	11.283	13.698
	29.681	31.267	2.756	24.975	32.000	27.489	0.194	28.643	0.141	0.200
	23.272	29.681	24.975	30.117	28.054	27.125	9.061	19.598	0.429	0.064
	28.643	27.675	26.256	30.340	22.505	21.787	5.580	2.723	0.299	0.221
	29.467	23.011	27.675	31.751	27.863	26.947	6.196	17.886	0.090	0.342
	29.467	28.444	22.260	26.089	27.675	27.863	3.459	0.136	11.160	0.219
	28.643	28.444	27.863	28.643	30.117	27.489	0.171	0.266	0.235	0.084
	28.643	27.125	28.054	22.505	29.681	27.675	11.669	0.290	0.134	0.630
	23.011	28.643	28.643	27.863	28.444	27.306	12.082	9.917	11.702	0.136
	28.444	28.444	28.248	29.897	22.140	21.903	2.622	0.129	0.410	0.068
	31.267	23.141	28.248	30.340	1.575	29.049	1.108	12.921	0.086	0.305
	30.117	31.751	25.600	31.751	27.125	28.054	1.083	0.224	0.623	0.764
	29.257	29.257	29.049	29.257	28.248	27.489	0.891	9.372	0.222	0.264
	29.049	27.675	28.643	22.382	29.257	27.489	1.524	12.681	0.328	0.090
	23.405	30.340	28.845	27.489	29.681	26.947	0.233	0.158	0.085	11.010
	28.643	27.675	28.643	27.125	23.272	22.021	0.231	10.214	4.108	0.740
	28.845	23.011	28.248	28.643	30.567	26.947	11.252	1.905	0.119	0.277
	29.049	28.444	22.505	28.054	30.117	27.125	2.564	0.176	11.636	12.525
	29.257	28.444	27.863	27.489	30.117	27.306	2.579	0.120	0.270	0.092
	29.467	28.643	28.248	24.236	28.643	27.863	15.170	11.100	10.240	2.461
	24.824	3.875	28.248	30.117	31.507	31.030	1.038	14.894	1.552	0.198
	28.643	26.597	30.796	32.000	22.755	22.260	3.207	16.995	1.610	10.502
	28.248	21.787	29.467	31.267	26.256	27.675	16.189	4.830	2.545	4.235
	28.643	27.125	22.505	30.117	29.467	26.771	17.138	3.268	13.429	2.786
	30.340	29.467	28.643	28.444	30.117	27.489	17.282	13.607	14.173	0.135
	29.257	28.643	28.248	22.260	30.117	27.489	17.429	0.135	2.212	0.213
	23.676	28.248	27.863	27.675	30.340	27.125	12.681	0.307	0.111	2.523
	28.248	28.643	28.444	27.489	24.094	21.557	17.138	0.414	0.189	0.093
	28.643	22.755	29.049	27.863	30.567	26.597	18.204	9.822	0.193	0.285
	29.049	28.054	22.382	2.115	30.340	26.947	27.306	2.416	11.906	11.603
	32.507	28.845	28.444	26.947	32.000	1.284	29.681	0.156	0.263	0.147
	29.681	31.751	30.796	24.094	28.248	24.236	27.489	10.343	11.505	0.322
	22.755	20.078	29.257	29.049	27.675	26.089	16.925	0.120	13.653	0.323
	28.444	22.882	29.049	29.467	22.505	21.671	21.787	0.126	0.212	0.087
	29.257	22.505	28.845	30.796	27.306	26.947	29.467	0.265	10.475	10.864
	28.845	22.505	22.260	30.567	29.681	26.771	26.947	2.594	0.122	4.293
	29.681	22.755	28.845	31.030	30.117	27.125	27.675	13.044	6.224	0.143
	29.049	23.141	28.248	22.505	30.340	27.306	27.306	16.925	2.915	0.344
	22.382	23.141	28.444	27.489	30.340	27.863	13.562	1.306	0.670	0.267
	28.054	29.257	27.675	29.681	23.540	21.787	25.283	2.656	2.564	11.906
	31.507	23.676	29.681	32.000	31.267	30.117	29.467	1.711	15.226	0.149
	29.049	32.000	24.526	28.845	31.267	27.675	26.597	1.396	26.597	0.173
	29.257	22.382	28.444	27.306	28.054	27.125	27.125	0.109	24.236	0.086
	28.248	22.755	27.489	21.787	28.248	27.125	26.947	0.194	13.884	0.232
	5.634	22.755	28.444	30.340	28.643	28.248	21.903	2.522	18.618	0.290
	25.128	29.467	28.248	30.567	22.505	21.903	0.552	11.941	24.094	10.778
	26.597	23.272	28.444	30.567	27.306	27.489	14.371	0.185	20.277	16.125
	27.863	27.489	22.755	31.267	31.507	27.306	21.333	0.260	25.600	0.187
	29.049	28.444	27.863	28.643	30.796	27.863	23.813	2.708	26.771	0.211
	28.643	28.444	27.306	22.021	30.796	28.845	25.761	0.113	25.600	0.278
	24.975	26.947	28.444	31.267	32.507	27.125	22.382	0.082	18.123	11.872
	28.248	32.507	31.751	31.267	24.526	21.671	26.256	11.872	17.066	0.209
	28.845	23.011	29.467	28.054	28.248	27.125	22.882	4.779	17.138	0.102
	28.845	28.444	22.382	28.248	28.054	27.125	19.320	2.380	17.655	0.601
	29.467	28.054	28.248	27.863	27.863	26.947	2.446	0.070	17.282	0.215
	29.257	28.845	28.054	23.813	28.444	27.675	12.082	11.283	0.070	0.147
	23.272	28.845	28.054	30.340	28.054	26.089	0.083	3.459	9.822	0.175
	28.845	28.444	28.444	29.897	23.813	21.787	0.153	0.136	1.631	10.556
	28.845	23.011	28.643	30.567	30.567	27.125	0.252	10.395	0.582	2.170
	29.257	28.444	2.577	27.306	31.030	28.845	9.990	2.025	0.786	0.151
	32.507	28.444	25.761	31.751	31.751	27.863	3.618	0.202	3.444	0.079
	29.049	32.768	29.257	24.824	31.507	27.675	3.110	10.864	15.283	0.218
	23.011	28.643	28.248	28.444	28.444	28.054	13.473	2.196	16.582	0.235
	28.643	28.054	28.248	30.796	22.140	21.671	17.066	0.153	17.210	0.198
	29.049	23.141	27.306	31.030	1.579	26.947	0.131	6.815	16.650	0.321
	29.049	28.643	22.021	28.054	23.405	27.125	0.157	0.135	17.504	0.227
	29.049	28.054	28.643	27.863	25.600	26.597	0.147	0.191	17.579	0.165
	28.845	29.257	28.444	22.140	26.947	27.863	11.283	0.494	0.133	10.395
	23.540	29.049	29.467	30.117	30.340	27.675	12.118	2.878	0.221	0.100
	31.267	28.643	28.444	29.681	23.141	23.953	4.633	0.477	2.429	0.150
	32.507	22.755	31.507	31.751	31.507	27.125	2.858	12.263	9.990	0.233
	32.251	31.507	22.755	31.267	30.117	26.771	0.127	0.190	15.814	0.312
	29.257	28.643	28.643	28.444	30.340	27.306	11.070	0.097	0.188	0.309
	28.444	28.643	28.248	24.380	30.117	27.125	2.318	11.570	11.314	0.396
	22.755	28.845	28.444	28.054	30.567	26.947	2.607	15.114	6.272	0.417
	28.444	28.444	28.845	28.054	23.141	22.382	15.456	2.576	0.139	0.080
	28.643	3.799	28.845	28.444	28.248	26.771	16.449	0.121	0.371	0.281
	29.257	28.248	22.260	28.444	27.489	26.947	13.979	0.334	0.086	11.906
	29.049	27.306	28.054	28.248	31.030	27.306	0.137	0.162	10.502	0.338
	33.300	28.054	27.863	22.505	27.863	30.567	10.422	0.257	0.173	11.941
	24.674	28.444	31.267	31.267	31.751	27.675	0.386	0.477	0.499	0.321
	31.267	32.251	28.845	28.643	23.953	1.213	0.116	0.327	0.288	10.807
	32.251	22.260	28.444	27.675	29.897	23.011	2.555	0.309	0.144	13.607
	31.751	28.248	22.260	27.489	30.117	25.128	12.263	2.682	0.294	2.700
	28.248	28.845	27.863	2.010	31.267	24.975	1.561	0.168	0.195	0.979
	28.643	28.444	28.248	19.412	27.306	26.256	1.580	11.804	0.186	1.912
	22.505	28.643	27.863	25.761	27.675	26.597	2.864	15.226	7.025	0.144
	27.863	28.845	28.444	26.771	22.260	21.787	15.114	0.160	0.073	10.556
	28.643	22.629	29.257	27.863	28.054	27.306	13.884	0.197	0.134	0.256
	32.768	27.489	23.011	28.054	31.751	30.117	16.718	0.359	0.252	2.661
	31.751	31.030	31.507	31.030	31.030	26.947	0.175	0.099	11.570	11.702
	31.751	27.863	28.643	22.755	31.267	27.125	11.473	10.475	13.562	0.683
	24.824	26.771	29.049	28.054	30.567	27.306	12.641	3.040	0.305	1.084
	28.054	27.489	28.444	27.863	23.953	21.903	0.145	0.219	0.266	0.520
	28.643	22.140	29.049	27.863	30.117	26.425	0.170	11.346	0.441	0.083
	29.257	28.054	22.629	28.054	27.863	26.947	0.143	0.369	10.163	2.728
	29.897	28.845	29.467	28.248	28.248	27.675	0.312	0.310	0.145	0.603
	28.248	32.251	28.054	22.505	28.054	27.489	12.047	0.282	0.168	2.741
	22.755	29.257	28.248	27.489	27.675	27.675	13.607	0.230	2.323	2.512
	32.507	28.248	28.248	27.306	24.975	22.755	0.352	10.694	0.086	0.148
	33.032	26.771	31.751	31.030	31.751	28.054	0.319	0.205	0.204	9.683
	31.507	28.444	23.272	28.248	30.340	27.125	11.100	0.252	0.184	0.164
	31.267	28.845	28.643	28.248	30.117	27.306	1.799	0.233	0.146	10.666
	28.248	29.049	28.248	22.021	32.251	27.125	1.240	0.212	0.272	0.223
	23.011	29.257	28.845	28.054	29.681	28.054	1.537	10.265	0.237	0.224
	6.450	28.248	28.444	28.054	22.021	22.260	1.131	11.570	0.153	0.190
	25.440	22.505	28.643	28.444	27.125	27.489	0.606	7.641	0.072	0.086
	27.489	27.863	22.755	28.248	30.567	27.489	1.112	0.148	0.397	11.040
	28.248	28.643	28.643	28.643	26.597	27.675	0.083	6.113	12.190	0.202
	32.251	27.863	27.863	22.260	29.257	30.117	10.951	5.826	0.174	1.348
	24.094	32.507	31.267	31.030	32.000	28.054	2.505	3.029	12.154	0.189
	31.030	28.444	29.257	28.248	23.953	21.903	2.913	0.178	3.778	0.185
	31.507	23.141	29.467	28.054	30.117	27.125	15.226	0.103	2.710	0.154
	31.507	28.845	23.141	28.444	31.030	26.947	14.271	0.321	15.515	0.182
	29.049	28.643	28.444	28.054	27.489	27.306	18.044	0.253	16.062	0.226
	29.049	28.845	28.444	22.140	27.863	27.489	15.693	0.261	17.282	0.427
	22.505	28.643	28.054	28.054	28.248	26.947	13.562	10.835	17.282	0.098
	28.444	28.643	2.700	28.248	22.140	21.787	18.123	0.309	15.114	0.187
	32.000	22.629	24.975	28.643	1.563	27.306	17.808	2.809	0.108	0.245
	33.300	30.340	21.333	29.681	25.440	30.340	17.282	13.607	13.128	10.163
	29.257	32.768	31.030	31.751	29.257	28.054	26.425	14.027	0.298	14.894
	28.845	28.643	28.845	23.141	29.257	26.947	27.306	0.145	8.551	0.429
	24.380	29.681	28.444	27.489	29.681	27.489	0.139	0.266	2.917	0.220
	31.030	29.257	28.643	27.863	23.011	21.903	9.660	0.337	1.396	0.191
	32.000	23.141	28.643	28.845	30.117	27.306	0.511	11.838	5.231	10.502
	32.507	28.054	21.903	28.643	29.681	27.489	0.281	0.201	0.196	0.174
	29.897	29.049	27.863	27.675	30.340	28.054	11.669	0.248	9.941	0.221
	28.444	29.049	27.863	22.140	28.444	27.675	2.526	11.636	13.791	0.094
	24.380	28.845	28.643	28.248	28.248	27.863	0.324	0.155	1.884	10.395
	28.248	28.248	28.248	27.125	24.094	23.405	11.100	0.195	0.811	0.159
	28.444	24.094	31.267	30.340	31.030	27.306	1.638	2.457	2.244	0.358
	30.796	28.248	22.629	28.248	30.117	1.242	2.468	14.422	2.700	0.234
	28.248	29.257	29.049	28.444	31.267	23.405	0.101	0.573	16.253	0.247
	28.643	28.248	28.248	22.382	28.248	23.953	0.214	1.463	16.318	0.241
	24.824	30.796	28.444	27.863	28.248	25.924	2.448	3.040	15.226	0.175
	31.030	3.897	27.863	27.863	23.813	21.557	14.840	16.189	2.917	10.088
	32.000	20.078	29.049	28.444	30.117	26.597	17.655	17.429	15.170	15.398
	32.000	26.256	22.755	27.863	29.049	26.947	18.123	17.731	0.070	14.473
	32.507	27.489	28.444	28.248	29.897	27.489	18.285	0.064	0.283	6.470
	29.257	27.125	28.444	2.103	30.340	30.567	17.886	13.170	12.449	2.192
	22.021	32.251	31.030	26.771	28.643	28.643	14.027	0.296	0.188	1.339
	30.567	28.845	29.049	27.489	22.260	22.260	0.077	1.663	0.241	1.447
	28.643	22.021	29.049	27.863	29.681	26.597	10.529	0.947	0.229	0.141
	28.444	27.306	22.260	28.054	30.796	26.947	2.743	0.252	0.190	0.088
	28.845	31.507	28.845	28.444	30.567	27.675	2.698	9.990	0.224	10.864
	28.643	29.257	28.444	22.382	27.675	27.675	14.894	1.872	10.317	11.603
	24.526	28.248	28.444	27.489	30.340	27.306	0.137	1.305	0.120	0.251
	31.030	28.444	28.444	27.863	24.236	22.021	11.669	3.657	12.760	9.660
	32.507	22.629	28.444	28.054	27.675	26.947	14.222	2.957	0.239	4.864
	32.768	28.054	22.382	31.030	31.751	29.681	3.436	14.576	0.269	3.549
	28.643	33.032	31.267	28.845	31.030	28.054	0.117	13.791	5.100	16.253
	29.681	28.845	29.257	22.882	28.444	27.863	9.965	17.282	0.120	14.321
	23.141	32.251	30.117	27.863	28.248	28.248	0.189	16.384	0.246	17.579
	27.863	32.000	28.845	27.863	22.260	22.021	0.199	16.995	0.218	0.272
	32.507	22.882	29.049	28.643	29.681	27.306	10.214	18.285	0.088	3.170
	32.507	30.796	22.505	28.054	30.796	27.863	0.068	18.123	0.283	0.184
	29.257	28.248	28.444	27.306	30.340	28.248	2.212	15.875	11.976	0.276
	28.845	29.257	28.444	22.382	31.030	27.489	0.187	24.975	0.165	0.152
	24.236	28.444	28.248	27.675	27.489	29.257	9.225	15.875	0.350	11.221
	31.507	28.248	28.643	29.897	24.975	21.903	2.904	26.771	0.162	0.215
	32.000	26.771	31.507	29.257	31.507	26.947	1.798	18.450	0.099	0.273
	32.000	28.248	23.141	28.444	30.567	27.306	3.138	20.277	0.418	0.280
	29.049	28.248	27.863	29.257	27.675	26.947	0.439	23.272	0.213	0.078
	28.845	28.845	28.444	22.505	27.675	27.306	3.011	26.597	11.100	0.234
	23.272	28.845	27.125	26.771	28.845	28.643	7.173	27.675	0.273	0.119
	27.306	28.444	30.567	27.489	22.260	21.903	3.686	0.481	0.189	11.283
	6.410	23.141	28.643	28.248	29.897	27.489	15.937	0.169	0.092	14.321
	27.863	28.248	22.629	27.863	30.567	27.675	17.808	0.263	0.439	0.167
	29.467	28.845	29.257	28.248	31.267	30.117	18.450	9.941	0.335	0.403
	30.567	33.300	30.796	24.094	31.751	26.771	18.204	1.633	11.702	0.219
	23.813	28.845	28.643	27.863	31.507	27.306	15.226	1.115	0.379	0.268
	31.030	27.863	28.845	27.863	23.676	22.140	17.886	0.611	0.175	7.406
	31.507	22.882	28.643	28.643	1.565	27.675	26.947	0.121	0.110	2.705
	31.507	32.251	22.021	28.643	23.813	27.306	28.054	9.917	0.280	13.473
	28.643	28.054	27.306	27.863	25.924	27.306	27.306	12.525	0.195	0.194
	29.257	28.248	2.632	22.629	27.489	27.675	17.886	0.192	9.525	9.592
	22.882	29.049	24.824	27.863	28.054	27.863	15.058	0.318	6.918	0.176
	28.054	28.643	27.306	28.248	22.382	22.382	0.184	0.201	0.064	0.096
	31.507	22.755	27.306	27.863	30.117	30.117	0.234	0.170	0.470	0.456
	32.000	32.768	24.094	30.796	31.751	27.125	8.733	7.098	12.263	0.226
	29.257	32.000	31.751	28.845	30.567	26.947	16.582	2.445	0.224	0.226
	29.257	28.054	28.643	22.260	31.267	27.125	0.233	15.398	10.666	0.357
	25.600	28.444	28.054	28.643	29.897	1.247	2.661	0.084	1.844	0.295
	30.796	28.054	28.643	27.675	24.094	19.412	0.143	11.702	0.432	11.441
	31.507	22.140	29.049	28.054	27.675	24.824	2.728	0.183	2.644	0.362
	32.251	28.248	22.505	27.863	31.030	26.256	13.791	0.369	15.456	9.225
	28.444	28.444	27.863	28.054	28.054	25.924	1.166	0.203	0.156	2.370
	28.643	28.643	28.248	22.382	28.054	26.947	0.172	0.266	0.080	0.259
	24.975	29.049	28.248	28.643	28.248	28.845	10.722	10.722	0.237	11.346
	29.257	32.768	31.751	31.267	24.824	21.787	14.948	0.175	0.265	0.223
	28.248	23.272	29.257	28.845	30.117	26.089	1.851	0.379	9.893	0.193
	32.251	28.444	22.505	28.248	30.340	26.947	0.086	0.293	0.195	5.876
	29.049	28.643	28.444	28.444	30.796	26.947	1.650	0.157	0.102	4.039
	29.049	31.267	29.049	22.260	30.567	27.306	0.688	0.095	0.168	0.077
	24.674	3.803	28.444	27.306	27.489	27.489	0.191	0.217	9.893	0.178
	31.030	25.283	28.054	2.005	22.629	21.671	0.240	10.448	4.675	0.174
	31.507	21.445	29.049	24.975	27.489	26.256	9.822	13.086	0.133	0.291
	32.507	27.306	22.382	25.924	30.117	26.597	14.576	2.656	7.086	0.275
	29.681	27.489	27.863	27.306	31.751	28.845	6.759	1.568	0.121	12.840
	29.257	32.507	29.257	23.011	31.507	28.444	4.697	2.607	0.102	11.804
	23.011	29.049	27.863	27.125	28.054	27.306	0.153	2.737	0.148	0.212
	28.248	32.251	27.863	26.597	22.260	21.333	11.941	0.187	11.538	0.288
	31.507	22.629	28.248	27.489	29.897	26.597	15.058	0.229	0.293	0.395
	31.507	28.248	22.882	28.054	30.117	26.425	4.813	0.274	0.130	0.352
	28.845	28.643	28.444	28.643	28.248	26.771	2.536	0.224	10.214	11.636
	28.845	29.049	28.845	22.382	27.675	26.425	16.000	0.373	0.077	0.533
	24.380	28.248	28.444	28.248	29.467	27.125	0.122	0.414	1.998	0.287
	32.251	28.845	28.444	27.489	22.505	22.505	6.272	9.246	2.929	0.310
	32.507	22.629	29.257	28.643	31.267	30.340	0.159	2.494	0.144	2.767
	31.751	32.251	24.824	30.567	28.845	27.306	12.412	0.281	0.147	0.082
	30.567	29.049	28.643	28.444	28.248	26.947	16.189	0.108	0.310	0.203
	28.845	28.643	28.643	22.382	28.643	27.489	4.019	10.343	11.221	0.129
	22.629	29.049	29.467	28.444	28.643	27.863	2.393	2.227	12.603	0.286
	28.643	28.054	27.863	27.863	22.382	21.903	14.840	0.787	0.084	11.409
	31.507	22.260	28.054	28.054	27.489	26.771	16.855	2.725	1.729	15.515
	32.507	28.643	22.505	28.444	28.444	27.489	16.650	12.760	0.336	13.518
	29.049	29.049	28.643	27.863	28.444	27.863	0.096	2.882	2.994	0.468
	30.567	28.845	28.054	22.505	28.444	27.489	10.291	14.894	0.403	10.864
	25.128	28.444	28.845	27.675	29.467	30.117	2.765	0.193	1.005	0.223
	28.248	33.851	31.751	31.267	22.260	21.787	2.882	10.722	2.996	0.295
	32.251	23.141	29.467	29.467	28.248	26.947	14.948	0.165	14.681	2.670
	32.000	28.054	22.382	28.444	27.125	26.771	14.576	0.149	16.786	0.180
	28.845	28.845	28.444	28.054	27.675	26.256	17.808	0.252	17.066	0.194
	29.049	31.267	28.444	22.505	28.054	28.248	7.787	0.173	13.003	0.208
	22.882	29.257	28.444	27.306	28.643	28.054	3.200	11.252	16.925	0.277
	27.675	29.049	28.845	27.863	22.505	22.021	16.062	0.289	0.132	0.080
	30.340	22.505	28.444	28.054	1.569	26.597	17.504	0.272	9.416	11.505
	6.187	26.771	22.882	27.675	23.953	27.306	18.123	11.473	0.189	0.277
	28.248	27.863	28.248	29.049	29.467	31.030	16.925	3.150	2.215	0.323
	30.117	32.768	31.751	24.236	27.306	27.125	24.975	0.136	13.562	0.193
	23.676	29.467	28.444	28.444	27.863	27.675	5.088	11.736	13.931	0.350
	31.030	29.049	29.897	27.306	21.671	21.903	3.212	2.658	0.165	0.257
	31.507	24.674	28.643	28.643	27.863	1.248	17.066	0.179	10.088	11.872
	30.340	31.267	2.644	28.643	27.675	22.629	0.203	11.252	3.126	0.239
	27.863	28.248	24.526	28.054	28.248	25.440	12.300	0.081	0.168	0.316
	28.845	29.049	26.771	22.505	27.863	27.306	0.232	2.499	0.294	10.638
	22.882	29.257	27.863	28.444	28.444	26.771	0.191	0.149	0.101	0.365
	29.897	28.248	28.444	27.863	22.882	21.787	11.976	0.301	0.201	0.089
	33.573	24.526	28.248	28.643	29.681	29.467	12.921	0.303	0.257	0.162
	32.000	28.054	23.676	31.507	29.681	27.306	0.136	0.283	0.192	12.800
	28.845	28.248	28.845	29.049	28.643	27.675	11.538	0.241	12.263	0.384
	28.444	28.248	28.444	22.755	28.248	27.489	12.641	10.922	0.267	0.251
	24.674	28.248	28.643	27.863	28.054	27.125	4.623	0.199	0.179	0.186
	31.030	28.643	28.248	27.675	22.755	20.897	0.192	12.603	10.189	0.176
	32.000	22.382	27.125	28.054	28.643	26.771	0.404	0.194	0.290	11.130
	28.845	31.030	24.236	28.248	28.248	26.771	10.666	0.282	0.298	11.838
	28.054	30.796	27.675	27.863	28.444	27.306	13.255	0.162	10.265	13.473
	31.751	28.845	30.117	22.021	28.845	27.306	2.959	0.420	16.449	0.216
	23.141	31.267	31.507	30.117	31.751	30.567	2.412	0.104	16.516	0.149
	28.444	28.643	32.000	27.863	23.011	22.140	1.447	0.314	0.156	0.101
	31.267	22.505	28.845	2.121	28.054	26.597	0.890	0.240	2.907	0.274
	31.751	27.863	22.260	25.128	27.125	27.489	0.091	0.419	14.027	12.487
	28.845	28.054	28.444	26.771	27.306	27.489	10.343	10.750	1.699	0.222
	31.507	3.824	29.897	22.260	28.248	27.306	4.104	3.095	0.760	0.244
	24.824	26.771	30.340	27.306	27.489	27.125	2.931	2.919	0.087	0.240
	28.444	26.425	30.340	27.306	22.629	22.021	0.124	0.180	0.265	0.253
	32.507	22.140	27.863	27.863	28.248	28.054	9.822	0.259	0.244	11.130
	32.507	28.054	22.382	28.054	27.863	27.863	14.321	0.505	5.211	0.386
	29.049	33.032	30.340	31.030	30.796	30.117	1.903	0.179	3.258	11.770
	29.257	28.643	32.000	22.882	28.444	27.675	1.287	12.564	16.253	13.170
	23.141	28.845	32.251	28.054	28.643	27.489	2.840	0.240	17.964	2.531
	28.248	28.054	28.054	27.675	22.629	22.260	16.062	0.128	17.886	0.108
	31.030	22.755	28.248	27.675	27.863	26.597	0.140	0.281	0.153	2.717
	31.751	28.054	22.140	28.054	28.248	26.771	0.153	0.296	0.255	0.172
	29.257	28.845	30.340	28.054	29.257	26.771	0.323	9.266	0.168	0.210
	28.248	31.030	30.796	22.260	28.444	27.306	0.166	0.407	0.109	9.102
	27.125	28.845	28.248	28.248	28.444	27.863	10.502	2.687	12.564	0.143
	32.251	28.248	27.863	28.643	22.882	23.540	14.371	0.218	0.186	0.242
	32.251	26.089	30.340	30.567	31.507	28.444	16.582	0.249	0.238	0.247
	28.845	28.054	25.761	28.444	28.248	27.306	2.206	0.065	11.441	2.582
	29.049	26.256	31.030	28.643	27.863	26.947	2.144	0.175	2.325	11.636
	29.049	27.675	30.796	22.505	28.248	27.675	0.152	5.158	0.148	13.837
	22.882	28.248	27.863	28.248	28.444	27.489	8.962	0.246	11.377	0.086
	28.054	27.863	28.054	28.054	22.629	20.480	2.080	0.209	0.112	0.256
	31.030	22.629	27.863	27.863	27.675	28.845	1.028	0.238	8.846	0.203
	30.796	27.306	22.629	27.675	27.863	29.049	2.623	0.197	4.000	0.222
	32.251	29.467	28.054	28.444	29.257	30.340	16.189	9.683	0.081	11.636
	32.000	28.248	30.796	22.882	28.054	31.030	16.062	0.153	0.260	5.720
	23.272	33.300	31.507	31.751	30.340	31.751	13.698	11.636	0.285	0.123
	28.845	29.257	32.251	28.643	22.505	22.140	8.094	15.058	0.274	0.239
	28.845	23.011	30.567	27.863	1.549	27.863	3.477	8.325	10.113	0.082
	26.597	28.248	24.236	28.845	23.953	27.125	15.574	2.417	0.183	0.490
	27.306	27.863	27.863	28.248	26.089	26.771	0.225	10.163	0.092	10.317
	29.897	28.248	28.643	22.021	26.771	1.274	11.603	0.235	0.424	0.210
	24.236	29.681	28.643	26.425	27.675	26.089	13.473	11.314	0.140	0.341
	31.030	29.257	28.643	27.489	21.222	22.505	0.095	0.288	10.750	11.736
	32.251	22.629	28.054	27.489	26.947	28.054	0.274	0.135	0.130	0.137
	31.267	28.643	22.755	28.054	27.489	31.267	11.570	0.247	11.872	0.270
	5.970	32.507	31.751	29.897	31.751	31.030	0.211	0.224	0.148	0.155
	25.600	28.444	30.796	22.755	28.643	28.845	10.722	0.262	0.192	0.181
	21.445	28.444	2.671	27.125	27.489	29.049	1.961	2.512	0.089	0.085
	28.248	28.248	27.125	27.863	22.382	24.236	2.314	13.979	0.412	0.284
	28.248	23.011	30.117	28.248	27.863	25.440	0.211	0.264	0.878	0.205
	31.507	28.248	22.505	27.306	28.248	28.054	0.129	0.148	16.253	10.611
	28.845	28.054	26.947	28.845	28.054	29.049	10.666	9.846	17.579	14.524
	29.467	28.444	26.947	23.011	28.054	26.947	0.285	0.285	18.044	0.275
	26.597	28.643	27.863	28.248	30.117	29.257	10.893	0.185	17.579	11.160
	32.251	28.248	30.796	27.489	22.882	24.380	0.145	11.221	0.199	0.216
	31.751	25.924	31.751	30.796	30.567	29.681	11.603	13.128	10.039	0.355
	31.751	28.248	23.953	28.248	28.054	28.845	0.511	16.855	0.284	12.840
	28.845	28.643	31.267	28.444	28.248	30.340	10.807	12.840	0.180	0.210
	28.643	31.507	30.796	22.505	28.054	30.117	2.874	0.095	10.529	0.224
	22.382	27.863	28.248	27.489	28.444	26.947	4.818	9.799	0.332	0.222
	28.444	28.248	28.845	27.675	22.505	22.021	3.477	1.891	0.343	0.082
	31.030	23.011	28.643	28.444	28.054	27.125	14.787	1.153	9.775	0.256
	32.000	28.444	22.629	27.675	28.248	28.845	17.138	0.934	12.154	0.172
	32.251	28.054	27.863	2.029	27.675	29.257	0.148	0.191	5.497	0.237
	32.251	28.643	31.267	19.980	27.863	30.340	10.951	9.637	0.135	0.209
	23.011	32.768	32.000	28.444	30.796	30.340	2.780	0.321	0.089	0.139
	28.444	29.049	32.768	27.489	22.629	23.272	2.677	12.154	0.373	0.319
	28.643	22.755	32.000	27.306	27.306	28.444	0.141	3.524	0.213	0.238
	28.444	27.863	22.629	28.054	28.054	29.467	9.547	2.965	5.113	12.082
	28.643	3.949	28.248	28.444	28.444	27.125	0.288	0.372	2.168	0.110
	28.444	26.425	27.675	22.382	28.248	26.597	10.951	3.396	0.164	0.242
	24.674	25.761	28.248	27.675	28.248	27.125	2.850	15.753	11.804	0.141
	31.030	27.489	28.845	27.863	22.505	23.272	1.622	17.731	0.206	0.188
	32.768	22.021	29.467	28.248	28.054	30.117	5.244	17.731	2.373	10.395
	33.032	32.251	24.380	29.049	30.796	30.340	0.081	0.165	0.213	13.170
	29.257	26.256	32.251	31.267	27.863	30.340	0.181	10.189	0.087	0.158
	27.306	32.768	31.507	23.141	27.489	30.567	10.163	15.003	0.261	8.846
	22.505	29.257	31.507	28.248	28.845	30.340	13.298	0.131	11.770	15.226
	28.444	28.444	28.054	28.054	22.382	23.676	0.288	0.270	16.516	1.995
	31.507	22.382	28.248	29.467	27.489	26.947	10.835	10.214	0.359	1.239
	33.851	28.054	22.382	26.947	27.489	29.049	0.228	0.297	0.522	2.745
	29.467	28.845	27.863	27.675	30.117	29.681	11.770	0.307	0.217	15.114
	30.796	30.796	28.444	22.382	28.444	27.675	2.226	0.201	0.197	0.245
	24.526	28.643	28.054	27.675	28.444	27.125	3.308	5.403	0.070	0.098
	30.340	31.507	30.796	27.489	24.236	24.380	12.374	3.690	11.538	0.197
	33.300	22.755	32.000	30.567	28.054	29.467	0.414	0.226	0.173	11.314
	29.257	27.863	25.128	28.248	28.444	29.681	0.280	0.196	0.197	0.360
	29.049	28.444	31.267	28.444	28.054	29.467	0.120	2.685	0.336	0.248
	28.643	29.049	31.030	22.382	27.489	29.681	10.088	12.921	0.162	0.184
	23.011	31.507	30.796	28.248	28.643	27.489	0.238	0.102	0.098	0.256
	27.863	28.248	28.444	28.248	21.445	1.272	0.323	2.587	0.253	0.092
	31.507	22.505	28.643	28.248	1.567	25.924	5.634	13.653	9.041	0.124
	32.768	27.863	22.260	28.444	23.540	25.600	0.148	1.167	0.411	10.666
	34.420	28.444	27.489	28.248	25.761	29.257	0.249	0.982	11.505	2.407
	29.049	33.300	31.267	22.505	29.257	30.567	0.277	3.362	3.419	1.122
	23.011	29.467	32.251	31.030	27.863	29.681	0.090	0.352	0.188	2.880
	28.845	28.643	32.507	28.248	21.671	21.333	10.778	10.014	0.097	0.193
	28.643	23.011	28.444	28.444	27.863	28.444	14.075	0.389	0.228	6.253
	29.257	28.248	22.382	28.248	28.444	29.049	0.313	2.989	0.304	0.167
	28.845	28.643	29.681	29.257	28.444	29.681	0.336	13.086	12.487	0.180
	29.049	27.675	27.489	22.260	29.049	29.467	0.115	16.062	0.218	0.593
	24.824	29.467	29.257	27.675	28.643	30.117	9.592	15.814	11.636	0.077
	32.768	29.257	28.054	27.863	22.882	21.787	15.456	0.168	2.645	0.174
	32.000	22.382	28.054	28.248	27.306	25.924	5.988	0.187	0.159	0.437
	31.507	33.032	23.813	27.675	29.681	30.796	3.086	10.807	0.085	0.240
	29.681	29.467	2.737	32.000	29.049	29.897	14.124	12.011	0.150	10.556
	6.320	29.049	26.425	23.011	29.257	29.467	15.814	0.222	10.951	13.128
	20.686	28.054	28.444	28.643	28.248	29.681	11.770	0.302	0.206	0.249
	27.489	29.049	29.681	27.863	22.629	23.141	17.731	0.214	0.145	0.249
	28.444	22.629	30.340	28.444	27.675	29.681	21.005	0.177	0.212	10.063
	28.845	33.032	23.141	28.444	28.248	24.975	21.903	0.205	0.091	15.814
	28.444	28.845	30.340	27.675	27.863	26.089	29.681	0.194	10.317	4.201
	31.751	30.796	31.751	23.141	28.444	29.467	0.407	10.063	12.603	0.143
	26.089	29.467	31.751	27.306	28.643	29.467	12.720	1.650	4.124	0.085
	31.507	33.032	28.444	31.030	24.674	23.813	20.480	1.601	0.222	0.171
	31.507	23.141	30.796	27.863	28.054	28.845	19.980	2.836	10.039	0.167
	28.643	28.248	22.629	27.863	27.863	28.845	18.285	0.340	2.836	0.293
	29.049	29.049	28.248	28.248	28.248	30.117	17.886	1.324	2.784	0.181
	28.643	28.643	31.030	22.382	28.248	29.681	17.355	1.684	0.177	10.583
	22.755	28.248	30.796	1.992	28.643	29.467	7.713	0.146	0.274	13.086
	27.863	27.675	28.248	23.676	22.505	21.787	3.488	0.087	0.139	0.146
	31.507	22.382	28.845	26.947	27.863	27.306	15.058	0.157	0.069	10.214
	31.030	28.444	24.236	27.125	27.489	30.796	16.718	9.372	0.207	16.384
	30.567	28.248	30.567	18.450	26.425	29.467	25.128	0.179	0.258	16.855
	31.507	32.768	32.768	22.021	29.897	31.267	15.937	10.922	0.351	0.174
	24.975	29.049	33.032	28.248	28.054	29.897	8.031	15.058	12.564	0.107
	28.444	28.643	28.444	27.306	21.903	21.557	3.631	0.242	0.151	0.321
	28.643	22.382	28.845	28.444	27.863	28.643	19.320	0.201	0.262	0.404
	29.049	3.915	22.505	28.054	27.489	29.049	20.897	11.441	0.225	11.130
	29.467	25.128	29.467	28.643	28.054	27.306	29.257	2.015	0.493	2.728
	29.049	26.597	27.863	22.260	28.054	29.049	26.771	2.355	0.085	0.162
	22.505	27.675	31.267	27.863	27.863	29.049	21.222	1.889	0.190	10.502
	32.251	28.444	27.125	27.675	22.260	23.405	0.169	0.180	0.221	3.596
	33.300	22.629	31.030	28.444	27.863	29.897	2.680	0.189	0.224	2.654
	32.000	32.768	26.089	31.267	31.267	31.030	14.733	0.223	11.872	0.335
	31.751	28.845	31.267	28.845	28.444	30.117	17.138	0.188	0.281	0.228
	28.054	28.248	30.567	22.382	28.248	27.125	17.886	10.088	10.951	0.207
	23.011	28.845	31.751	29.049	28.643	27.306	0.176	0.230	0.229	0.104
	27.675	30.117	28.054	28.248	22.755	21.787	11.346	11.130	12.525	0.249
	28.248	22.382	28.054	28.444	27.863	29.467	0.332	0.177	0.101	2.864
	28.845	27.675	22.021	27.489	28.248	1.292	8.982	0.370	0.225	0.287
	28.643	28.444	27.675	28.845	28.054	26.089	16.650	0.199	10.214	0.143
	32.251	28.643	30.796	22.629	28.845	28.248	14.840	0.197	2.545	9.570
	24.824	28.643	30.340	27.125	27.863	31.267	4.481	10.556	2.587	3.119
	30.796	32.251	32.507	30.117	23.953	23.141	3.509	14.628	2.245	0.153
	32.507	23.540	32.251	28.643	1.571	29.049	14.787	0.295	1.574	11.872
	31.267	31.030	24.236	28.643	23.813	29.049	14.271	0.102	0.681	0.207
	28.845	28.444	28.054	27.863	25.924	29.467	17.731	9.287	0.933	0.140
	28.845	28.444	28.054	23.272	26.771	26.597	17.429	0.243	0.976	9.615
	22.882	29.257	28.643	28.248	27.125	30.117	0.154	0.195	1.338	2.403
	28.643	29.049	28.643	27.675	21.903	24.975	12.263	0.260	1.181	2.512
	30.796	22.629	31.030	27.675	27.489	27.306	1.579	0.208	1.112	0.242
	32.768	28.643	24.236	28.248	27.675	29.257	0.154	0.227	0.580	11.191
	28.643	31.267	30.796	28.845	28.248	31.507	0.254	0.249	0.229	0.115
	29.257	29.049	32.507	24.236	31.030	29.049	11.283	0.269	9.041	0.300
	24.674	28.444	32.507	28.444	28.248	26.597	5.944	0.428	0.408	12.337
	31.030	28.248	31.507	27.863	21.557	21.787	3.079	0.265	2.858	2.767
	32.251	22.755	29.897	28.643	27.489	30.117	15.693	11.804	0.445	0.070
	32.251	28.054	23.011	28.054	27.675	29.049	0.080	13.884	3.268	2.752
	29.049	32.000	28.643	28.845	28.248	29.897	0.256	0.245	14.422	0.213
	28.845	31.267	27.675	22.629	28.248	29.257	0.224	0.182	15.515	0.315
	24.674	28.248	28.248	28.054	28.845	29.257	2.311	0.203	16.650	0.234
	29.681	28.444	28.054	27.489	22.505	23.272	12.226	0.293	17.355	0.576
	29.049	24.824	2.692	27.863	28.643	31.267	16.718	12.449	2.917	0.231
	29.049	30.117	22.260	31.751	30.340	30.117	17.579	13.044	16.062	11.221
	28.845	28.444	30.796	28.444	28.845	32.251	18.450	0.239	17.808	0.222
	31.507	29.897	30.340	22.021	27.863	25.924	17.886	0.211	26.771	0.220
	5.876	27.863	30.340	27.125	28.643	27.675	15.875	0.087	26.947	0.293
	26.771	28.643	30.117	25.924	22.260	21.445	18.285	2.500	26.597	0.235
	29.467	23.405	30.796	27.863	28.248	30.340	27.306	13.979	14.271	0.414
	31.267	28.444	22.021	27.675	27.675	27.125	0.138	1.906	13.044	11.473
	30.567	28.444	27.863	27.306	28.054	29.467	10.807	0.544	3.061	16.189
	28.845	28.444	27.489	22.629	28.444	29.681	0.277	0.173	0.173	0.279
	22.882	31.507	28.248	27.489	28.643	30.567	0.152	0.196	0.204	0.295
	28.643	27.306	32.251	2.036	24.380	23.813	5.610	0.314	12.449	0.180
	32.000	22.260	32.000	25.283	28.643	29.467	3.103	0.273	0.255	0.269
	31.030	28.845	24.380	26.425	27.675	26.597	0.150	10.981	0.101	0.086
	31.507	31.267	28.444	27.675	28.054	30.117	11.160	0.208	0.155	0.128
	28.643	28.643	27.675	21.445	28.444	27.863	0.087	0.227	12.300	4.188
	22.629	28.248	29.897	26.771	28.444	26.947	9.394	0.232	13.385	0.148
	28.248	28.444	30.340	27.863	22.382	21.445	14.894	0.178	13.931	0.183
	31.507	22.755	28.444	28.054	28.054	29.467	3.225	11.100	0.103	0.124
	30.117	28.444	22.505	28.444	28.054	29.897	2.661	12.412	0.179	0.192
	27.675	32.768	27.306	28.643	30.340	31.030	14.733	3.949	9.822	11.538
	28.248	29.257	32.000	24.526	28.643	29.467	16.253	2.963	0.285	0.225
	24.526	28.845	32.251	31.267	28.054	30.117	0.133	0.444	0.200	0.423
	31.030	28.444	31.030	30.340	22.629	23.141	10.291	2.890	0.200	0.187
	31.267	3.627	28.444	29.897	27.306	29.467	13.385	2.307	10.638	9.846
	31.751	27.489	22.755	28.054	28.054	26.089	0.407	0.169	2.377	0.431
	28.643	31.267	27.863	28.054	28.643	29.681	0.156	0.364	0.160	12.840
	28.845	28.444	31.751	22.505	27.863	26.597	0.231	0.188	11.570	0.258
	24.380	28.054	28.248	27.306	29.049	1.247	9.416	0.331	0.076	0.274
	28.248	28.845	28.643	30.796	22.505	20.078	0.434	0.198	0.301	0.409
	31.751	26.425	28.444	30.567	31.267	28.444	12.047	0.250	0.179	0.115
	31.751	27.863	26.089	31.507	27.489	28.643	0.361	0.103	0.376	0.258
	28.845	28.248	32.251	31.030	27.863	28.248	0.111	11.252	11.538	0.203
	29.049	28.054	30.796	24.236	27.675	29.049	12.011	0.202	0.134	0.199
	22.882	29.681	31.030	31.030	28.444	30.117	2.587	11.838	0.204	0.256
	32.507	28.054	28.054	30.567	22.382	21.557	3.068	0.122	0.236	0.311
	31.267	22.629	28.248	28.054	1.546	26.256	15.456	0.158	0.177	0.233
	31.751	28.054	22.882	28.444	24.674	28.643	16.855	0.493	0.502	0.141
	32.000	29.049	28.643	27.675	26.597	30.340	16.189	3.034	0.099	9.615
	28.845	28.643	30.796	22.505	27.489	29.467	17.282	0.413	0.201	11.130
	22.505	33.032	30.796	27.489	30.340	30.340	7.420	0.183	11.736	16.582
	28.643	29.467	31.030	31.751	22.505	23.405	3.785	10.951	14.948	0.139
	32.768	22.882	32.000	32.000	28.248	29.257	16.062	0.330	1.922	0.171
	28.643	26.771	24.526	30.567	27.863	28.054	17.355	10.694	2.745	0.224
	28.444	28.248	28.054	29.897	28.248	26.597	26.425	2.482	0.412	12.800
	28.845	28.643	28.444	24.824	28.444	29.257	27.125	1.693	0.295	0.097
	24.975	31.267	28.845	30.567	28.248	30.117	14.948	0.155	0.249	0.188
	32.768	29.257	28.845	30.567	22.755	21.557	0.185	2.786	11.473	0.380
	32.000	22.382	27.863	27.489	25.600	28.643	11.252	0.231	0.229	0.240
	31.507	28.054	24.380	27.306	27.306	28.845	13.429	0.250	0.164	0.168
	29.049	32.768	32.000	30.796	31.751	31.030	0.407	0.213	0.209	0.114
	29.467	28.643	32.251	22.629	28.845	29.467	11.409	6.380	0.270	0.312
	22.505	28.643	31.030	27.675	28.643	29.257	4.275	0.162	3.503	13.979
	28.054	28.054	28.054	30.117	22.382	22.021	3.491	12.487	3.235	0.326
	32.507	23.676	29.049	30.567	28.054	27.489	16.582	15.340	22.882	11.505
	31.030	28.248	22.882	30.117	27.863	29.049	0.126	15.058	0.113	0.239
	27.863	28.643	27.125	30.567	28.845	29.467	11.221	6.005	11.191	0.092
	30.796	28.248	2.917	23.540	28.444	25.283	13.128	3.079	0.086	0.304
	24.674	30.796	27.489	29.897	28.444	26.425	0.263	15.398	9.615	0.216
	31.751	29.049	26.771	31.030	22.629	23.011	0.274	17.731	3.416	0.224
	32.000	26.597	31.267	32.507	29.467	30.340	0.148	18.367	0.169	0.325
	31.751	27.863	24.094	28.444	28.845	29.897	10.835	18.285	0.370	0.156
